image_id,batch,si_orient_vh,si_orient_mad,si_n,pore_orient_vh,pore_orient_mad,pore_n,fft_log10_vh
img_0grcilhi,Batch_3,0.2400427998764469,50.91279337834072,542,0.8339208439232995,55.39435405451091,1404,1.235107660293579
img_3806gxp0,Batch_2,0.1934201311169586,49.60861315584342,407,0.7121645228587914,47.629769526557446,1720,1.1822006702423096
img_4ih2ggld,Batch_1,0.0804334151735892,50.802396038203064,717,0.7827220192422452,49.44589571729387,3175,0.9210377931594848
img_5n1q8atc,Batch_1,0.2144404127452092,50.98477018016414,503,0.5080979155169439,46.43995118099501,3776,0.8245714902877808
img_71vgq3fw,Batch_3,-0.1770637878593154,47.08263546020019,259,0.5723402901760033,53.34962211699681,1425,1.0171235799789429
img_9luzk4jm,Batch_3,0.1766120244009323,47.88054654865484,317,0.5876637549364723,51.51930115062815,1620,1.369055986404419
img_avn74qx1,Batch_2,0.2868716187406361,54.99615527245626,350,0.6782320932947562,52.166406458165774,1630,1.070958971977234
img_b3esycq1,Batch_2,0.1434489389831866,44.14180659777313,408,0.5956611273012754,53.101167489153845,2072,1.0011802911758425
img_cfe5vt7s,Batch_3,0.145031319881259,50.48911292447113,451,0.6074594902094755,53.469090371757616,2046,1.1244033575057983
img_epqdaau9,Batch_2,0.3592636549582081,53.80685996587748,607,0.617584159362169,50.97782750070617,2759,1.0624171495437622
img_f1vzngrs,Batch_1,0.1094422558486537,53.43720380564034,512,0.6050451651458386,49.85282105779171,2947,1.1275076866149902
img_ffwubibz,Batch_1,0.1811110594128107,49.13589482622496,252,0.7598813725846949,55.4630965949573,1797,1.1711490154266355
img_fzrt2k6r,Batch_1,0.0533598555440754,43.80402423468813,336,0.762453321663414,54.41089698162646,2023,1.159751296043396
img_hawkfj64,Batch_3,-0.0997156481737714,48.85929052229446,334,0.6965551259379331,58.528699788522715,1585,1.0080524682998655
img_hzumfsms,Batch_3,0.1690028805713975,51.10803247984107,265,0.7829925783571806,55.79851104493011,1577,1.458293318748474
img_i9jiqjwl,Batch_2,0.168329336226822,51.47568851110674,445,0.4759131171162528,53.04124066202413,2032,1.0917353630065918
img_iv6g2oq0,Batch_1,0.0274397457224552,56.151496134217936,354,0.7441036092069626,53.95765141824014,1564,1.098220705986023
img_kbdh4tri,Batch_3,0.3334323762189027,53.31997272231661,269,0.603258390905559,55.2954438166457,1466,1.0183043479919434
img_mgxahqnk,Batch_3,0.433959907914169,52.55024795760616,374,0.561405886370592,54.870219463544736,1489,1.1463332176208496
img_pl8uabbv,Batch_3,0.2011227837199082,47.08373192753345,505,0.7182377372046562,49.20126264871407,2016,1.097706317901611
img_ptg8lmto,Batch_3,0.568517584975277,54.440767057616526,319,0.670245216606372,56.15348203133253,1222,1.0777254104614258
img_r17byphk,Batch_2,0.488754719734418,48.39529876262459,575,0.7809420410890262,56.1731533872217,1932,1.1468720436096191
img_rxax5ozo,Batch_2,-0.0388001969334094,49.64192275292079,415,0.7328557190772297,52.49753956458799,1503,1.127366304397583
img_tuy3zymq,Batch_3,0.2417208710224676,50.6649618032089,262,0.6209586906695297,53.94662970551629,1359,0.9856272339820862
img_ufdvpb81,Batch_3,0.0055380017079419,47.468874523227456,344,0.6625768511309845,49.97784232153976,1498,1.075020670890808
img_uhdslk0o,Batch_1,-0.1046148964564687,43.93890045861465,321,0.6908956297915917,52.54841464663022,1879,1.0539565086364746
img_utfgcjfa,Batch_3,0.3388599747149647,53.072890947998125,409,0.7200068593652175,52.874289211337334,1651,1.121618628501892
img_vc2whyaq,Batch_3,0.0792848342100822,51.74246791005067,322,0.7568077893257672,55.69598607947482,1429,1.1385648250579834
img_x77cy643,Batch_3,0.0965274532431736,44.56827408189318,346,0.6455754821540485,52.77037503415495,1730,1.0698291063308716
img_x7u69zsw,Batch_3,0.2317063485059743,50.63410094883692,316,0.5650550996771131,56.8806698442846,1406,1.102723240852356
img_xgj4xftb,Batch_3,-0.0024181598849859,44.00585695460407,361,0.671575861980305,51.43092224160014,1345,1.280882477760315
img_3e122cbj,New_Images_Batch,0.15,48.465737016537375,826,0.719434025351278,50.35291867806095,3336,0.8799212574958801
img_fn0mhxef,New_Images_Batch,-0.16,50.2869363114883,384,0.6522498360463181,50.30709507119085,1893,1.1191450357437134
img_xrv9xvzb,New_Images_Batch,0.22,48.799378971685314,229,0.718104968604547,52.792457919008186,1678,1.382961630821228
