iter,d,g,w,device,train_seconds,seconds
1,9.714665412902832,-0.033946551382541656,0.008212558925151825,cpu,3665.5,3665.5
100,-30.505084991455078,-37.10387420654297,36.1136589050293,cpu,3665.5,3665.5
200,-43.950469970703125,-17.310611724853516,63.34113693237305,cpu,3665.5,3665.5
300,-25.78462791442871,-10.541358947753906,27.414512634277344,cpu,3665.5,3665.5
400,-38.43303680419922,-22.289358139038086,52.5711784362793,cpu,3665.5,3665.5
500,-10.759170532226562,4.765758514404297,34.95716857910156,cpu,3665.5,3665.5
600,-16.763505935668945,-23.608625411987305,24.428451538085938,cpu,3665.5,3665.5
700,-40.92097473144531,-34.38134765625,45.617576599121094,cpu,3665.5,3665.5
800,-22.736766815185547,-20.350709915161133,31.147052764892578,cpu,3665.5,3665.5
900,3.8982810974121094,2.9189794063568115,32.48514175415039,cpu,3665.5,3665.5
1000,-28.061460494995117,-14.351789474487305,37.99409866333008,cpu,3665.5,3665.5
1100,-20.720918655395508,-37.93707275390625,27.03158950805664,cpu,3665.5,3665.5
1200,-23.647451400756836,-10.876106262207031,31.641096115112305,cpu,3665.5,3665.5
1300,-16.490936279296875,-15.759591102600098,21.688846588134766,cpu,3665.5,3665.5
1400,-17.824682235717773,-17.4393310546875,23.403682708740234,cpu,3665.5,3665.5
1500,-15.663163185119629,-29.244232177734375,17.832714080810547,cpu,3665.5,3665.5
1600,-7.624314785003662,-21.923248291015625,12.296499252319336,cpu,3665.5,3665.5
1700,-12.64532470703125,-24.102642059326172,19.420333862304688,cpu,3665.5,3665.5
1800,-17.071380615234375,-30.24491310119629,24.611364364624023,cpu,3665.5,3665.5
1900,-25.300384521484375,-28.98055076599121,31.64350700378418,cpu,3665.5,3665.5
2000,-10.647871971130371,-13.716703414916992,13.066339492797852,cpu,3665.5,3665.5
2100,-12.256531715393066,-19.171653747558594,15.92605972290039,cpu,3665.5,3665.5
2200,-9.957715034484863,-28.8968505859375,11.066932678222656,cpu,3665.5,3665.5
2300,-18.28763771057129,-22.739347457885742,20.811424255371094,cpu,3665.5,3665.5
2400,-14.2562894821167,-17.4864559173584,18.101720809936523,cpu,3665.5,3665.5
2500,-9.012256622314453,-18.00652503967285,12.74435806274414,cpu,3665.5,3665.5
2600,-11.185693740844727,-25.07354736328125,20.60112190246582,cpu,3665.5,3665.5
2700,-12.825111389160156,-16.32744789123535,19.16671371459961,cpu,3665.5,3665.5
2800,-23.34410858154297,-13.775754928588867,25.438297271728516,cpu,3665.5,3665.5
2900,-21.04897689819336,-11.928430557250977,23.661840438842773,cpu,3665.5,3665.5
3000,-18.717819213867188,-8.554990768432617,20.967866897583008,cpu,3665.5,3665.5
3100,-16.07477378845215,-17.67919158935547,18.2750301361084,cpu,3665.5,3665.5
3200,-14.994729042053223,-17.977582931518555,16.933319091796875,cpu,3665.5,3665.5
3300,-23.327213287353516,-14.62956428527832,27.06885528564453,cpu,3665.5,3665.5
3400,-16.14771842956543,-3.705021858215332,19.069049835205078,cpu,3665.5,3665.5
3500,-19.53494644165039,-11.588842391967773,22.539316177368164,cpu,3665.5,3665.5
3600,4.124200820922852,-18.540342330932617,2.5577850341796875,cpu,3665.5,3665.5
3700,-9.651542663574219,-19.76762580871582,10.947067260742188,cpu,3665.5,3665.5
3800,-5.81102180480957,-18.824981689453125,11.871912002563477,cpu,3665.5,3665.5
3900,-25.66644859313965,-24.92536163330078,30.65079689025879,cpu,3665.5,3665.5
4000,-5.068296432495117,-14.800250053405762,8.191142082214355,cpu,3665.5,3665.5
4100,-4.9226603507995605,-22.294044494628906,8.855587005615234,cpu,3665.5,3665.5
4200,-10.887816429138184,-11.156533241271973,11.723146438598633,cpu,3665.5,3665.5
4300,-5.171877861022949,-23.651220321655273,11.065698623657227,cpu,3665.5,3665.5
4400,-9.04121208190918,-9.789901733398438,10.480043411254883,cpu,3665.5,3665.5
4500,-20.78050994873047,-16.731781005859375,23.644676208496094,cpu,3665.5,3665.5
4600,-14.685445785522461,-8.977029800415039,17.396825790405273,cpu,3665.5,3665.5
4700,-14.986595153808594,-31.99687957763672,18.1849422454834,cpu,3665.5,3665.5
4800,-16.122791290283203,-18.047252655029297,19.633975982666016,cpu,3665.5,3665.5
4900,-12.576812744140625,-24.983551025390625,16.778844833374023,cpu,3665.5,3665.5
5000,-2.3848142623901367,-7.314120292663574,5.580240249633789,cpu,3665.5,3665.5
5100,-5.296395301818848,-26.52141761779785,9.079055786132812,cpu,3665.5,3665.5
5200,-23.286867141723633,-7.715854167938232,26.472877502441406,cpu,3665.5,3665.5
5300,-28.346906661987305,-10.163321495056152,32.411808013916016,cpu,3665.5,3665.5
5400,0.13523197174072266,-4.61898136138916,2.3790550231933594,cpu,3665.5,3665.5
5500,-17.586612701416016,-11.522132873535156,19.119060516357422,cpu,3665.5,3665.5
5600,-10.884263038635254,-6.468359470367432,11.910290718078613,cpu,3665.5,3665.5
5700,-10.100343704223633,-14.911738395690918,15.413508415222168,cpu,3665.5,3665.5
5800,-6.592418670654297,-6.0806074142456055,11.611648559570312,cpu,3665.5,3665.5
5900,13.121566772460938,0.060177624225616455,-7.505220413208008,cpu,3665.5,3665.5
6000,8.95423698425293,-10.92272663116455,-5.275182723999023,cpu,3665.5,3665.5
