pair,marker,median_diff,p_perm,mdd,q_bh,clear
Batch_1 - Batch_2,pore_frac_resolved,-0.004532532356352592,0.768811559422029,0.0190644624855041,0.9563265739152067,False
Batch_1 - Batch_2,si_frac_total,-0.0018703946779671035,0.6464176791160442,0.010278585603675595,0.891008152295088,False
Batch_1 - Batch_2,bright_fine_frac,5.6015509549900075e-05,1.0,0.0053750468650486,1.0,False
Batch_1 - Batch_2,si_d50_aw_um,-0.08530835352566113,0.7673616319184041,0.39629028495828633,0.9563265739152067,False
Batch_1 - Batch_2,si_d90_aw_um,-0.44111748864926614,0.59982000899955,1.4221993847049,0.891008152295088,False
Batch_1 - Batch_2,si_radius_3d_um,-0.0793471245621451,0.6100694965251737,0.20152927559781308,0.891008152295088,False
Batch_1 - Batch_2,si_sv_um_inv,-0.05565710755324771,0.5273736313184341,0.14018933641456544,0.891008152295088,False
Batch_1 - Batch_2,si_clustering_R,-0.016015271578294188,0.18604069796510175,0.038605595611764465,0.891008152295088,False
Batch_1 - Batch_2,gr_radius_eff_um,0.11645844116748139,0.6041697915104245,0.3194882605930278,0.891008152295088,False
Batch_1 - Batch_2,gr_chord_ratio_xz,0.009891454569115554,0.3727813609319534,0.02825424279619182,0.891008152295088,False
Batch_1 - Batch_2,pore_anisotropy,0.01615750217779799,1.0,0.05644231812355893,1.0,False
Batch_1 - Batch_2,crack_frac_v,-0.004498551577697499,0.21883905804709763,0.006130312346758199,0.891008152295088,False
Batch_1 - Batch_2,percolation_reach_2d,-0.012683832408159401,0.14994250287485625,0.0154828209503855,0.891008152295088,False
Batch_1 - Batch_2,pore_largest_region_frac,-0.0164229920922431,0.20293985300734962,0.017277463696399195,0.891008152295088,False
Batch_1 - Batch_2,bruggeman_b_eff,-0.07752863429355084,0.543522823858807,0.15457394411319703,0.891008152295088,False
Batch_1 - Batch_2,si_pore_dist_mean_um,-0.04932978562361939,0.3687815609219539,0.07401441922299379,0.891008152295088,False
Batch_1 - Batch_2,si_lowcoverage_share,-0.00206767664718277,1.0,0.05403791610688158,1.0,False
Batch_1 - Batch_3,pore_frac_resolved,-0.0051617124096799,0.5958202089895506,0.019641905329560408,0.891008152295088,False
Batch_1 - Batch_3,si_frac_total,-0.0008034141832079997,1.0,0.013527051290831801,1.0,False
Batch_1 - Batch_3,bright_fine_frac,-0.0012097101511051,0.8443077846107695,0.0099450655412244,0.9786294776170283,False
Batch_1 - Batch_3,si_d50_aw_um,0.05957149940271034,0.8415079246037698,0.37245125039233695,0.9786294776170283,False
Batch_1 - Batch_3,si_d90_aw_um,0.1858998826544589,0.5480225988700564,0.7855872524274128,0.891008152295088,False
Batch_1 - Batch_3,si_radius_3d_um,-0.08983322427209117,0.5510724463776812,0.27986846216216943,0.891008152295088,False
Batch_1 - Batch_3,si_sv_um_inv,0.04883231164932894,1.0,0.15436960469838018,1.0,False
Batch_1 - Batch_3,si_clustering_R,0.011802324354184712,0.6119194040297985,0.04711553844455263,0.891008152295088,False
Batch_1 - Batch_3,gr_radius_eff_um,-0.048007060458105766,0.640317984100795,0.3171402908283003,0.891008152295088,False
Batch_1 - Batch_3,gr_chord_ratio_xz,-0.02347492161204423,0.5794210289485525,0.042696339260933414,0.891008152295088,False
Batch_1 - Batch_3,pore_anisotropy,-0.020760272428894444,0.5808209589520524,0.04862487465433252,0.891008152295088,False
Batch_1 - Batch_3,crack_frac_v,-0.0022073667749161995,0.11774411279436028,0.0024954608879848,0.891008152295088,False
Batch_1 - Batch_3,percolation_reach_2d,-0.0055422035106530015,0.3424328783560822,0.024648317726597903,0.891008152295088,False
Batch_1 - Batch_3,pore_largest_region_frac,-0.020531911367127002,0.15324233788310584,0.0341149283859386,0.891008152295088,False
Batch_1 - Batch_3,bruggeman_b_eff,-0.05361600241375197,0.7180140992950352,0.13590753139331446,0.9563265739152067,False
Batch_1 - Batch_3,si_pore_dist_mean_um,-0.08219070920989452,0.016749162541872906,0.062232200595156995,0.8542072896355182,False
Batch_1 - Batch_3,si_lowcoverage_share,-0.048726220936700426,0.12149392530373482,0.06005727110904724,0.891008152295088,False
Batch_2 - Batch_3,pore_frac_resolved,-0.0006291800533273079,1.0,0.0166742384833877,1.0,False
Batch_2 - Batch_3,si_frac_total,0.0010669804947591038,0.5807709614519274,0.010362651227902302,0.891008152295088,False
Batch_2 - Batch_3,bright_fine_frac,-0.001265725660655,0.8433578321083945,0.007116842576501199,0.9786294776170283,False
Batch_2 - Batch_3,si_d50_aw_um,0.14487985292837147,0.43932803359832007,0.3005505590455311,0.891008152295088,False
Batch_2 - Batch_3,si_d90_aw_um,0.627017371303725,0.22088895555222238,0.9016795249708283,0.891008152295088,False
Batch_2 - Batch_3,si_radius_3d_um,-0.010486099709946073,1.0,0.21890828355440517,1.0,False
Batch_2 - Batch_3,si_sv_um_inv,0.10448941920257665,0.22373881305934704,0.13585158511886714,0.891008152295088,False
Batch_2 - Batch_3,si_clustering_R,0.0278175959324789,0.5254237288135594,0.06288837154359861,0.891008152295088,False
Batch_2 - Batch_3,gr_radius_eff_um,-0.16446550162558715,0.6421678916054198,0.36402990195901896,0.891008152295088,False
Batch_2 - Batch_3,gr_chord_ratio_xz,-0.033366376181159785,0.29418529073546323,0.04023000999658266,0.891008152295088,False
Batch_2 - Batch_3,pore_anisotropy,-0.03691777460669243,0.16989150542472875,0.043674267655417376,0.891008152295088,False
Batch_2 - Batch_3,crack_frac_v,0.0022911848027812997,0.22838858057097144,0.0035086820431611005,0.891008152295088,False
Batch_2 - Batch_3,percolation_reach_2d,0.0071416288975064,0.6138693065346733,0.0191632562817053,0.891008152295088,False
Batch_2 - Batch_3,pore_largest_region_frac,-0.004108919274883903,0.49262536873156343,0.027911915607337107,0.891008152295088,False
Batch_2 - Batch_3,bruggeman_b_eff,0.023912631879798862,0.7630118494075296,0.12534887765991698,0.9563265739152067,False
Batch_2 - Batch_3,si_pore_dist_mean_um,-0.032860923586275126,0.440077996100195,0.07165385127467838,0.891008152295088,False
Batch_2 - Batch_3,si_lowcoverage_share,-0.046658544289517656,0.06894655267236638,0.05012798634812288,0.891008152295088,False
