pair,indicator,n_paired,median_paired_diff,diff_lo,diff_hi,assumption_only_spread_iqr,declared_threshold,exceeds_assumption_spread,verdict,plating_warnings_a,plating_warnings_b
Batch_1-Batch_3,discharge_cap_last_Ah,17,0.1092903083628336,0.05353849311499115,0.13624676424939786,1.1375972214353895,0.25,False,below_threshold,17,17
Batch_1-Batch_3,thickness_change_um,17,0.14811017138624827,0.07982307088997587,0.24147490731075116,1.2338964348569093,0.5,False,below_threshold,17,17
Batch_1-Batch_3,si_stress_MPa,17,-0.9504781923637395,-1.6417355801277154,-0.6745456805343633,4.315870054670334,0.5,False,meaningful_difference,17,17
Batch_1-Batch_3,min_neg_surface_v,17,0.00019305755679177583,-9.068649045725595e-05,0.00040720124049743907,0.006227563003146464,0.01,False,below_threshold,17,17
Batch_2-Batch_3,discharge_cap_last_Ah,17,0.14918582617974785,0.054797012593613026,0.22991893582044032,1.1375972214353895,0.25,False,below_threshold,17,17
Batch_2-Batch_3,thickness_change_um,17,0.010741196316443435,-0.03282250966983469,0.10895396906024324,1.2338964348569093,0.5,False,below_threshold,17,17
Batch_2-Batch_3,si_stress_MPa,17,-1.5972648240680698,-2.1494829670486446,-0.9845223533096323,4.315870054670334,0.5,False,meaningful_difference,17,17
Batch_2-Batch_3,min_neg_surface_v,17,0.0003425882774379407,-5.564400709848552e-06,0.0004677396971208489,0.006227563003146464,0.01,False,below_threshold,17,17
Batch_1-Batch_2,discharge_cap_last_Ah,17,-0.046587944144883764,-0.10591343717361834,-0.0004060422216189963,1.1375972214353895,0.25,False,below_threshold,17,17
Batch_1-Batch_2,thickness_change_um,17,0.12376786249385852,0.08735319610502401,0.14384913158960266,1.2338964348569093,0.5,False,below_threshold,17,17
Batch_1-Batch_2,si_stress_MPa,17,0.5255185879230506,0.09071874340438768,0.7436399343967439,4.315870054670334,0.5,False,meaningful_difference,17,17
Batch_1-Batch_2,min_neg_surface_v,17,-0.0001265114593925476,-0.0005021749378706052,0.0002661058076568537,0.006227563003146464,0.01,False,below_threshold,17,17
