batch,image_id,h_px,w_px,n_px,pore_frac_resolved,porosity_est,si_frac_total,bright_frac_raw,bright_fine_frac,gr_frac,si_frac_of_solid,si_per_mpx,bright_fine_per_mpx,si_d10_num_um,si_d50_num_um,si_d90_num_um,si_d50_aw_um,si_d90_aw_um,si_dmean_aw_um,si_dmax_um,si_frac_gt3um,si_frac_gt5um,si_radius_3d_um,si_solidity_mean,si_aspect_mean,si_clustering_R,si_nn_dist_um,si_patchiness,si_pore_contact,si_pore_dist_mean_um,si_enclosed_share,si_coverage_mean,si_coverage_p10,si_lowcoverage_share,si_accessible_frac,si_sv_um_inv,gr_sv_um_inv,gr_radius_eff_um,gr_chord_ratio_xz,pore_d50_um,pore_count_per_mpx,big_void_frac,crack_frac_h,crack_frac_v,round_pore_frac,pore_verticality_aw,pore_chord_h_um,pore_chord_v_um,pore_anisotropy,tau_vertical_proxy,tau_horizontal_proxy,tau_anisotropy,percolation_reach_2d,tau_fdm_vertical,tau_fdm_horizontal,d_eff_vertical,d_eff_horizontal,tau_fdm_anisotropy,pore_spans_vertical,pore_spans_horizontal,pore_largest_region_frac,bruggeman_b_eff,corr_len_pore_um,corr_len_bulk_um,corr_len_si_um,swelling_budget,swelling_budget_min,swelling_deficit_area_frac,img_p1,img_p50,img_p99,si_bulk_contrast,noise_mad,sharpness_lapvar,shading_slope,has_inlens,has_etd_or_se,pore_frac_tile_err,si_frac_tile_err,swelling_budget_tile_err,is_problem_photo
Batch_1,img_4ih2ggld,2316,6994,16198104,0.12019030128464418,0.3451903012846442,0.030041602399885813,0.12471607788170763,0.0805112746528853,0.7550936208336482,0.03414556857437548,44.26443983814402,158.96922257074038,0.36125759969217835,0.4574808740984068,0.9425512450655034,1.2341445642182436,3.6281820989485443,1.6430481885492583,4.173287124383621,0.2352568858054692,0.0,1.0465275086301007,0.8332378594397309,2.0036743206220966,0.6769786809290533,1.2951774724406329,0.2161428532761575,0.06439367796259231,0.46187142019700356,0.3723849372384937,0.053449658574412036,0.0,0.7020408163265306,0.6276150627615062,1.127275142819184,0.851418165977944,2.660597286997077,1.0859233485135342,0.21850968611841584,196.01059482023328,0.005455700247386978,0.04514911127870274,0.009381036200286156,0.0602044535582683,0.3918683901365641,0.5929603932652714,0.5344509048183775,1.109475889963695,1.4166078806812454,1.1607104757840838,1.220466180185285,0.017367041515177137,inf,inf,0.0,0.0,,0,0,0.0485292077147218,1.1643784669213628,0.8,0.9750000000000001,0.8250000000000001,-0.03943554751840091,-0.22360604,0.6826923076923077,0.0,57.0,116.0,1.7787009477615356,11.976537704467773,74.24932861328125,0.0024999449032294665,1,1,0.016627650648494193,0.009528623907350587,0.031437382315634955,1
Batch_1,img_5n1q8atc,2316,6998,16207368,0.08838794799994669,0.3133879479999467,0.025806904612766243,0.11892109810797163,0.08133677226308429,0.7926909538920817,0.028309086695537382,31.035267416646555,130.24940261737748,0.3625765997154383,0.46524264916812785,1.0504958087720533,1.4439285835884783,8.093712039393552,2.638480678685853,8.093712039393552,0.224519559510546,0.1968144368840583,1.6805609418381227,0.836409393369511,1.9642266977619742,0.641884282225908,1.4718864066720077,0.4280487919352308,0.04312458467954446,0.5255971418532019,0.3836978131212724,0.03771037157381988,0.0,0.7553516819571865,0.6163021868787276,0.9218177806538358,0.8367280856459851,2.842109524553947,1.050102203299868,0.21483699284957805,232.98045678977613,0.0,0.012236965311085674,0.01139432386554066,0.06475665882332035,0.49276802404445885,0.43026334758998513,0.41129843581321635,1.0461098563121727,1.1868587896253602,1.0908745728388811,1.0879883161422406,0.014803952375964526,inf,inf,0.0,0.0,,0,0,0.03449453551912568,1.0706136672122608,0.5750000000000001,1.0250000000000001,1.0,-0.06314048030500696,-0.18975195999999997,0.8125,0.0,59.0,119.0,1.930671215057373,11.984972953796387,74.77194213867188,0.0018447094274566236,1,1,0.00871088338207446,0.009568645389214757,0.028172714637373888,1
Batch_1,img_f1vzngrs,2148,6998,15031704,0.07567405531668266,0.3006740553166826,0.0839379886671531,0.10737385462087332,0.01768714977357191,0.8169520900624441,0.09080994550673469,34.06134128239886,47.03392243487498,0.37741710886928054,0.6432750982580687,2.1365584394882564,2.9006423541265907,5.525818636808086,3.0407346992655353,6.911667812022497,0.47957528189447673,0.11085167916140605,1.936773693799704,0.8795175156520418,1.8160234110127251,0.6767362424498051,1.4815976890213705,0.14448958499909223,0.022938850985143148,0.42880170909403054,0.32421875,0.02620288963067739,0.0,0.8369565217391305,0.67578125,0.5493562140393398,0.7844034182684811,3.1244844337846405,1.1606909493013438,0.23262132458406393,196.05229054536997,0.0,0.023511106924404578,0.011577662785270386,0.04058528560700769,0.4446405253995703,0.40844165170556557,0.36080731314310366,1.1320215439856374,1.8041946583647386,1.336367083807357,1.350074152698018,0.012442823314850495,inf,inf,0.0,0.0,,0,0,0.03045338956769832,1.2286095256292973,0.4,1.0250000000000001,1.6,-0.2410475219575904,-0.5574303599999999,1.0,0.0,52.0,131.0,2.5474693775177,11.069249153137207,60.926048278808594,0.0012062640232208717,1,1,0.0071429654203474845,0.021466906177768252,0.06053027302120734,0
Batch_1,img_ffwubibz,2080,6998,14555840,0.09451381713456591,0.3195138171345659,0.046086931430958294,0.05784977026403148,0.009550324818079891,0.8476364126014025,0.05089744305662956,17.312638775913996,24.114032580737355,0.3892480105349487,0.7926244326458606,2.2780422955042128,2.612843524577553,5.444867952893147,2.724333736576969,5.444867952893147,0.4024423329765637,0.11280734130947451,1.735244418201891,0.8894547099008726,1.7136665695183713,0.5810567533663711,1.8021068629401222,0.09732340047878725,0.012219587816888564,0.4852785537260787,0.4603174603174603,0.01751131050378975,0.0,0.879746835443038,0.5396825396825398,0.2774996152746939,0.7170922461362588,3.5461396375509198,1.2280304103508524,0.24592453796829675,123.45560269967244,0.0,0.037519579770044185,0.00791373084617583,0.049080506518345904,0.4084663278768157,0.5817228489758639,0.4769414244508543,1.2196945351216952,3.026000271020273,1.4999650647699165,2.017380499114784,0.0479801610120759,inf,inf,0.0,0.0,,0,0,0.03609808518952716,1.46936726027465,0.5750000000000001,0.9,1.4500000000000002,-0.11929323213225755,-0.38478747999999996,0.8681318681318682,0.0,59.0,128.0,2.2869584560394287,10.604203224182129,55.66670227050781,-0.000926647235513149,1,1,0.010609959980868864,0.0134422669737481,0.039105197292953614,0
Batch_1,img_fzrt2k6r,2156,6998,15087688,0.10529678238309276,0.33029678238309274,0.059535165361319774,0.07575534435759806,0.012532934138086631,0.8189478732593092,0.06654180312427518,22.2698136387762,26.312845281530212,0.3898614228872618,0.8873615871177685,2.454295145809934,2.341046873808685,3.856763018564732,2.3953246407720363,5.1935328997224,0.3086797855380697,0.03773456773630445,1.5256844845681758,0.8843562224872182,1.9125354655070392,0.6738906106895262,1.8342491479278487,0.38439169350101277,0.004847597923764663,0.5528164985115758,0.4166666666666667,0.008983123945285556,0.0,0.9322033898305084,0.5833333333333333,0.3611660050234337,0.7770892399153535,3.161597785146975,1.1910380851757132,0.2393653682408596,134.08283628346504,0.00505093954753041,0.03560074943225231,0.008467566402486583,0.05617752700082345,0.4081672178388938,0.591812445053717,0.4925849559717227,1.2014423864940174,2.91607088530575,1.3782615291262135,2.1157601976705194,0.018677744167737122,inf,inf,0.0,0.0,,0,0,0.05086323628977658,1.4754554586586337,0.6000000000000001,0.8500000000000001,1.4500000000000002,-0.14329646795453352,-0.40426984,0.8681318681318682,0.0,62.0,131.0,2.1907641887664795,10.987394332885742,60.68644714355469,0.0021594347167375014,1,1,0.010799552083484328,0.0148906749358635,0.043069836005736425,0
Batch_1,img_iv6g2oq0,1780,6958,12385240,0.11484638166075102,0.339846381660751,0.06258384980832023,0.07728788461103701,0.009106404074527421,0.807865733728212,0.07070394167934586,28.5824093840733,28.420926845180233,0.37028602631054613,0.5666524282367351,2.0995379121446596,2.5879026267050613,5.456620451674442,2.896854441340798,5.830429169023317,0.44700148106864,0.14519762203334727,1.845130217414521,0.8678350223133924,2.0229087555852767,0.6897008352254264,1.6581876732495755,0.3543271357958019,0.01890122821210561,0.46059392012670436,0.4378531073446328,0.019868641614358737,0.0,0.8701298701298701,0.5621468926553672,0.4254838824277931,0.779879921584079,3.1076543120405846,1.2617682841233446,0.243484185724608,126.27934541438034,0.005500660463584072,0.0485635320752767,0.013958469920647481,0.04682371920124277,0.36942493619900013,0.6553509887396105,0.5237653366326426,1.2512301653121027,1.9377305757406373,1.327675824758672,1.4594907428497113,0.01827748546109111,inf,inf,0.0,0.0,,0,0,0.038381742738589214,1.3056694173454049,0.625,0.8500000000000001,1.55,-0.14117497117536681,-0.4461574,0.8269230769230769,0.0,57.0,135.0,2.3102989196777344,10.891621589660645,59.28715515136719,0.007777835416264191,1,1,0.01458363264347599,0.013916085078503384,0.04160476588746861,0
Batch_1,img_uhdslk0o,1880,6998,13156240,0.10380427842605486,0.32880427842605486,0.061898384340814704,0.07641256164375232,0.009851142879728554,0.8197831599301928,0.06906793108999178,24.39906842684536,21.966762540057037,0.36888680695244513,0.5578063407175069,2.2887955242593723,3.567356058711823,6.023169722254395,3.4381798234303416,6.770568844937857,0.6078344692085712,0.21463252901086755,2.18992345441423,0.8649919402136376,2.1872816200497662,0.6804898778376725,1.7725694318856822,0.41282917765545774,0.021376189733187705,0.5131638029322982,0.40809968847352024,0.021668052264351843,0.0,0.8613861386138614,0.5919003115264798,0.36687685843371665,0.8014508704614693,3.0686216341302415,1.1728295732536016,0.23262132458406393,142.8219612898518,0.007362361890631366,0.028600344779359452,0.011012796969346865,0.056828774786717176,0.46289424283897485,0.5585487353990118,0.47820396100621887,1.168013611229264,1.5551872074882993,1.503925741121221,1.0340851047132562,0.01001111003767752,inf,inf,0.0,0.0,,0,0,0.07148157308929014,1.1949437374136527,0.5750000000000001,1.0,1.8250000000000002,-0.15148951372124558,-0.5117399,0.9230769230769231,0.0,60.0,133.0,2.242673397064209,11.071208953857422,61.196815490722656,-7.416485560610359e-05,1,1,0.014355292736570897,0.015320399777129854,0.04523535431836824,0
Batch_2,img_3806gxp0,2048,6998,14331904,0.1210947268415976,0.3460947268415976,0.06492507904044012,0.08447921504358388,0.012476918628536724,0.7944260581148185,0.073870394254352,28.398180730208633,39.98073110174336,0.3667232293060416,0.5396791137872287,1.9826748155854137,3.6237928134086648,5.897737940323708,3.4261195864970935,6.742419607978544,0.5679752821063945,0.23265771090811393,2.182241774838913,0.8610073243291927,1.9741593433885876,0.7198825121125119,1.7313446255213862,0.1612891803567402,0.013816389096031154,0.5597773753067626,0.5012285012285013,0.013479047861660822,0.0,0.9044117647058824,0.49877149877149873,0.5103746159617034,0.844401413796799,2.8224469256016422,1.1108632461299264,0.24430125595145996,120.0119677050586,0.0,0.028968795772006287,0.020711065326700487,0.07141486574289083,0.4301602153129577,0.5998361743602505,0.5453145227172752,1.0999820275669472,2.151502087772673,1.268118882257993,1.6966091412042863,0.03404291504861249,inf,inf,0.0,0.0,,0,0,0.03595497013325165,1.3629086364027994,0.6000000000000001,0.8250000000000001,1.7000000000000002,-0.14013810028311657,-0.47471595999999994,0.7912087912087912,0.0,49.0,127.0,2.5411643981933594,10.642619132995605,55.562286376953125,0.004605417539353371,1,1,0.012885106596103901,0.017227318772772563,0.04992779973969352,0
Batch_2,img_avn74qx1,2048,6998,14331904,0.11357827962007001,0.33857827962007,0.051619798737139184,0.0693775230422978,0.011855089177264933,0.8170441973376322,0.05823390554443361,24.42103993998285,38.51546870534438,0.3678066090054814,0.561006928842804,2.004322189266077,2.767549753174722,6.006698394203981,3.192594727319953,7.038872747764552,0.4488409186142387,0.1946621429826577,2.033499826318441,0.8682644521006088,1.9326162146831485,0.6978810423574441,1.8135948287382864,0.500047278595107,0.02238165609953759,0.49839604377255875,0.48,0.02222523457986225,0.0,0.859504132231405,0.52,0.4495145934552729,0.7360696806230351,3.3300279260764722,1.171184629691921,0.2475371751684577,113.73227172049157,0.012854816778008002,0.03504007562428551,0.009228571444519863,0.056454815773256645,0.39581575779950323,0.6588227913678383,0.5719662258078118,1.151856109051466,2.0620722475125395,1.1931367208777528,1.7282782529696499,0.050262338996364515,inf,inf,0.0,0.0,,0,0,0.05660300359125041,1.332700655230476,0.7000000000000001,0.875,1.4500000000000002,-0.11266157657768291,-0.33135064,0.7857142857142857,0.0,49.0,123.0,2.4274590015411377,10.609912872314453,55.38756561279297,0.005601063891195101,1,1,0.01734689037139234,0.015253144018439043,0.046097250251435684,0
Batch_2,img_b3esycq1,2156,6998,15087688,0.10833681078240748,0.33333681078240746,0.0761383056171363,0.09156518878174046,0.012038557531147251,0.8000980004358521,0.08538908697570588,27.0419165613711,24.65586510007365,0.3888408362521876,0.7694504413640348,2.4557711033583685,2.7373371587669713,5.236639828624227,2.939542354521571,5.413574717406384,0.4404627286505084,0.10530480495773238,1.8723199710328478,0.8790686473867613,1.9134632129889968,0.6692068881501432,1.6487245106547075,0.3153971963253924,0.011393826005612721,0.5346083393496981,0.4019607843137255,0.018187032717563816,0.0,0.90625,0.5980392156862745,0.37018527954713804,0.8024529669489454,2.9911958708731032,1.1627838423795214,0.24102189574505842,137.3305174391199,0.0,0.031002960824746642,0.008419447698017085,0.06891440225964375,0.41020776943950815,0.5830356123730168,0.49216890687478926,1.184625042803333,1.7552090783388166,1.0799538245332263,1.6252630792779001,0.030050873923336524,inf,inf,0.0,0.0,,0,0,0.04327876984126984,1.2531317790721135,0.6000000000000001,0.9750000000000001,1.7000000000000002,-0.18486024498915937,-0.52385342,0.8846153846153846,0.0,62.0,134.0,2.232243299484253,11.00385856628418,60.90195846557617,-0.0008537987427433322,1,1,0.011782546339507604,0.017530329391515633,0.05047928283039422,0
Batch_2,img_epqdaau9,2148,6998,15031704,0.09368758192683943,0.31868758192683944,0.07211118579769799,0.10290929092270577,0.02093994133998381,0.8034031271504548,0.0795654835569923,40.38131671565645,60.0730296445433,0.3630151572331998,0.5038374085273672,1.8744344284013383,2.4888371552065367,6.599691907654402,2.848908722139537,6.616551231290185,0.35738324689055073,0.14001516669526567,1.8145915427640362,0.8528220920128956,2.0652282539943863,0.6927515140280993,1.390384941441546,0.3204616012755,0.029132616487455198,0.41507382355738254,0.33772652388797364,0.025884207197054386,0.0,0.8160919540229885,0.6622734761120264,0.7074753467737257,0.8275735073016339,2.9123810274087125,1.1484134060248183,0.22390579955406925,183.54539179323916,0.0,0.030301488108068122,0.0155113485470443,0.04787474527172701,0.4548941102687265,0.48142511383681336,0.420458589598137,1.1450000683704584,2.0644642713608232,1.159241943563199,1.7808743746928388,0.022061163160685876,inf,inf,0.0,0.0,,0,0,0.03821376281112738,1.306138159922848,0.525,0.9,1.4500000000000002,-0.1885640510217604,-0.49308949999999996,0.9395604395604396,0.0,52.0,133.0,2.622612237930298,11.136947631835938,61.35932540893555,0.0006922137857189275,1,1,0.011643626217719569,0.014575671091984002,0.042440352304221975,0
Batch_2,img_i9jiqjwl,2272,6998,15899456,0.09519539536447033,0.3201953953644703,0.06140556003928688,0.08331423414738215,0.016652582327345036,0.8214903704881475,0.06786610028805286,27.98837897346928,41.32216850689734,0.39653653725063076,0.7388514429878317,2.1384199054358026,2.3658992684689597,4.475271839641041,2.501769158055677,5.396864864023585,0.34433763693070374,0.03748892519320096,1.5934835401628515,0.8711487318953275,1.8903229363474734,0.6400083338774609,1.5477510763321067,0.2819804074302515,0.013434976224620726,0.6489542805364635,0.35280898876404493,0.019042084795923144,0.0,0.8844444444444445,0.6471910112359551,0.4811409899810408,0.7517188009451392,3.27844814891666,1.162938118684486,0.24430125595145996,127.80311477323501,0.0,0.01721027436410403,0.016066587435444334,0.06191853356492197,0.5142970602345796,0.5399999286448225,0.4730805536107222,1.1414545039388058,1.1540819802429885,1.3747920381540666,0.8394593132737185,0.006825789708977113,inf,inf,0.0,0.0,,0,0,0.0554912265075265,1.0609336512962906,0.55,0.875,1.5250000000000001,-0.15888920979434767,-0.45269599999999993,0.9134615384615384,0.0,56.0,127.0,2.362626791000366,11.004752159118652,59.850650787353516,0.0005211693191343351,1,1,0.011275891705507354,0.014278647975435207,0.041539899755831194,0
Batch_2,img_r17byphk,2080,6998,14555840,0.12705051718073296,0.35205051718073294,0.05667175511684657,0.07470005166311254,0.012312102908523314,0.7982494311561545,0.06491985645471736,39.50304482599424,33.526062391452506,0.3678066090054814,0.5794971353888639,1.4702381294491103,2.0625740299068935,6.427305580796075,2.843311630645498,6.861749236863066,0.32744255399106564,0.26681860335432567,1.811026516334712,0.86449996877315,1.7989698244154075,0.621644348418537,1.2623986579229638,0.3145446143259485,0.04290369623534919,0.4567620485718399,0.27652173913043476,0.04784274095243034,0.0,0.726962457337884,0.7234782608695652,0.4792165893552004,0.8577533141337087,2.79188462930866,1.2079131177719253,0.23432553289538016,132.73023061534064,0.019913107041572318,0.03851965946314331,0.00834833304020929,0.06026941763580803,0.34177231692529403,0.6525961606323665,0.5355897106183823,1.2184628414143552,2.0567242952622884,1.3649214573022364,1.5068444299552581,0.02534531550792651,inf,inf,0.0,0.0,,0,0,0.06290555155010814,1.34951768152685,0.675,0.875,1.375,-0.11145534026205288,-0.4341530999999999,0.7692307692307693,0.0,56.0,126.0,2.1970458030700684,10.621308326721191,55.84285354614258,0.002972689385471708,1,1,0.017519609976193052,0.017954148019618518,0.053236941625371716,0
Batch_2,img_rxax5ozo,2068,6998,14471864,0.09897135572860552,0.32397135572860547,0.06065410786060455,0.08433150007490396,0.01655667853152849,0.8166971441964905,0.0673165145705792,28.67633360844187,47.8860221461451,0.3816022374892196,0.619967085873861,2.1248729189294933,2.6732109802307225,4.475538555618808,2.6792632071653153,5.602689481491414,0.4232402725973993,0.04493846963583047,1.7065370746275892,0.8697469857798581,1.8668936328166161,0.6977584081815098,1.6694543220031934,0.44881947809981476,0.01752988047808765,0.5855406656268517,0.41927710843373495,0.025656906851613197,0.0,0.8634538152610441,0.580722891566265,0.558341344280184,0.7315463992751728,3.3491948494546055,1.169105896586282,0.26007854739300496,103.85669738189911,0.005317075948198518,0.029839072561765368,0.017263498330277287,0.046551708888364345,0.4132838437562864,0.5828328206129857,0.4981012129979969,1.1701092175724725,1.3968609865470851,1.341289249730999,1.0414315829544085,0.03376030641147667,inf,inf,0.0,0.0,,0,0,0.05480473483083232,1.1445042942107302,0.5750000000000001,0.8250000000000001,1.55,-0.15252986070073626,-0.5461861600000001,0.8846153846153846,0.0,55.0,130.0,2.4964585304260254,10.056476593017578,51.05375289916992,0.0006133498902246616,1,1,0.0093123477187742,0.01722407419874476,0.04911825199399567,0
Batch_3,img_0grcilhi,1904,6998,13324192,0.1496637844906468,0.37466378449064675,0.06630480857676023,0.10702119873385194,0.033578171194170725,0.7433150167755013,0.0779748143939083,40.67788876053422,75.72691837523806,0.3816107610236958,0.6515717285701506,1.7255348732391755,2.1202196507981395,4.047347590426764,2.3083594179317712,5.353784593736929,0.24480167704633382,0.09323702994369851,1.4702926228864783,0.8601476821457608,1.8597266412587614,0.7199932968723982,1.4425374136984774,0.3599444787082901,0.01628897657041098,0.5965410660924544,0.39114391143911437,0.014612758245085596,0.0,0.8873720136518771,0.6088560885608856,0.7201367257391668,0.7972085661929819,2.797191531665876,1.1631572785656943,0.2646283714200614,105.37224320994474,0.050431350734063275,0.03667877196605993,0.013220163744263066,0.04933349804626052,0.35617313605470097,0.8151094633923025,0.6840803682917793,1.1915404990026488,1.9045932443516516,1.2170280485378953,1.5649542725328136,0.04605950747926057,inf,inf,0.0,0.0,,0,0,0.0829104330059975,1.339202220843745,0.875,0.9500000000000001,1.35,-0.11032118120183197,-0.41456129999999997,0.7628205128205128,0.0,55.0,129.0,2.2557342052459717,9.808150291442871,48.15770721435547,-0.0027556056165292243,1,1,0.02313204361602301,0.01771037360869388,0.054718963215618706,0
Batch_3,img_71vgq3fw,2060,6998,14415880,0.06927998845717362,0.2942799884571736,0.04776995923939433,0.06944959308762282,0.02000273309711235,0.8612704184552036,0.05132581082060062,17.966298276622727,21.850903309406018,0.4485167583316577,0.8354007573960902,2.318089654054168,2.431094159368891,4.744478830830865,2.6946892730837866,6.529748023799904,0.31281238836789865,0.07780485183969701,1.7163625943208831,0.8947052802109248,1.7694159085503334,0.6298631424845007,1.9169102104358986,0.33905777419832334,0.0017480409885473178,0.6999179313626881,0.5019305019305019,0.0024586642274160003,0.0,0.9927007299270073,0.4980694980694981,0.26374248398294103,0.5643248972660705,4.57858809328305,1.1498041149557547,0.2676186174229157,98.84932449493198,0.0,0.019512232343776446,0.012002666503883219,0.037765089609513955,0.46560824155370883,0.5180467663962487,0.4590858109474691,1.1284312301595534,1.7576268803599042,1.1662866296052012,1.5070282345214547,0.01856202230089667,inf,inf,0.0,0.0,,0,0,0.05424881033310673,1.2112543859394387,0.525,0.925,1.475,-0.15060293925865087,-0.45833487999999994,0.9505494505494505,23.0,62.0,118.0,2.411323308944702,7.3037943840026855,27.078176498413086,0.00045510096958207094,1,1,0.007992583964979098,0.012156784660319307,0.0349647639564728,0
Batch_3,img_9luzk4jm,2088,6998,14611824,0.1328901853731608,0.35789018537316075,0.06109353630320212,0.06818005746578935,0.005271142055913074,0.7989297571610499,0.07045651574073548,21.69475898423085,14.577235531991077,0.40152673829600655,0.7822728144249536,2.232839598762143,3.110598779217882,5.755355986470405,3.347840684614336,7.529923256660933,0.545341709533454,0.28844680336242895,2.132382601665182,0.8910884432172295,1.7141272336348345,0.60462758896183,1.6691677234164763,0.20224130196324516,0.0074974273533591415,0.47488250314072405,0.35331230283911674,0.009708108839826559,0.0,0.9375,0.6466876971608833,0.251960330209288,0.8557398446627881,2.800838696984626,1.157262595750384,0.25388531259649033,110.86911531373495,0.022802286696034662,0.03164888928309019,0.015917177759600717,0.06252183163443524,0.4418724939928361,0.6592007169918932,0.5755364806866953,1.145367390448256,2.4904771595479795,1.3314140364939027,1.870550475873239,0.06689837857902108,inf,inf,0.0,0.0,,0,0,0.04857803782827596,1.4521156376182642,0.65,0.925,1.6,-0.11806469199191011,-0.47930307999999994,0.7472527472527473,6.0,59.0,120.0,2.2693610191345215,7.655916690826416,30.669536590576172,0.0003339992430905105,1,1,0.01432995595173324,0.014296782012680021,0.04251855793387692,0
Batch_3,img_cfe5vt7s,2080,6998,14555840,0.1103618204102271,0.3353618204102271,0.06807240255457603,0.080098091212874,0.008147107964913053,0.809540088376899,0.07651695275259585,30.984127333084178,22.877415525314927,0.38056668037759794,0.6857863055183815,1.8790562558086703,2.466999194129191,5.270720569019983,2.8653718986841517,5.4852024772844405,0.4337170775424358,0.14772957790828292,1.8250776424739819,0.8773471835213997,1.8553995844055742,0.6186368282891122,1.4224408126295587,0.18582881847990879,0.01707198914833834,0.5872676615128205,0.29490022172949004,0.02073438033899335,0.0,0.8598130841121495,0.70509977827051,0.37665157077846423,0.8195061226284434,2.9635169257079625,1.2017748578152578,0.24266711549775605,140.56213863301602,0.0,0.028512954250665024,0.0120436196056016,0.06980524655396048,0.4390374298399848,0.583910916281369,0.49165952523780965,1.1876326732385354,2.3488331591779867,1.4682484241991034,1.5997518679165093,0.010887617641631297,inf,inf,0.0,0.0,,0,0,0.042281096392568523,1.3874419920236385,0.5750000000000001,0.9,1.625,-0.16119491558027566,-0.5148270199999999,0.9010989010989011,0.0,58.0,133.0,2.363203763961792,10.678589820861816,56.200801849365234,0.0007127063229898176,1,1,0.01257477481147824,0.018243442608536553,0.05260664250390219,0
Batch_3,img_hawkfj64,1904,6998,13324192,0.10302073101318264,0.32802073101318263,0.0504032814897894,0.07572856950725418,0.019177072801112444,0.8212506994795632,0.056192247950972614,25.06718606276463,54.03704779997166,0.38192313057647426,0.6154527416935989,1.9229778037081708,2.3754659558333286,4.910475501734798,2.7814319608580482,6.649004761417398,0.33940108668623237,0.08272246319516723,1.7716127139223237,0.8688233080610016,1.908076110810332,0.7026113266311078,1.8044004143523766,0.23845396440155484,0.019732700595612804,0.5343088654972974,0.47604790419161674,0.019270284495428815,0.0,0.8923766816143498,0.5239520958083832,0.5317155441770878,0.7273026386890853,3.38751981276933,1.210822285498505,0.2585441472913205,118.95655661521539,0.008123944776538794,0.03312696184504096,0.012745988649818315,0.049023835741784566,0.40116551810708806,0.6263771766509693,0.5104600830023651,1.2270835614938123,1.5873298429319374,1.6551222351571595,0.9590408546358602,0.014900146244395963,inf,inf,0.0,0.0,,0,0,0.08271665043816942,1.2032946894504306,0.5750000000000001,0.75,1.2750000000000001,-0.12023352710618397,-0.35710899999999995,0.8653846153846154,1.0,55.0,128.0,2.4691905975341797,9.715731620788574,47.298709869384766,0.00034292416988729416,1,1,0.012291249709058087,0.010464047308652559,0.03177303419976972,0
Batch_3,img_hzumfsms,2088,6998,14611824,0.14881680753888085,0.3738168075388808,0.051042908811384534,0.06389592428707053,0.009893494474064292,0.7872872681740486,0.059967007412116045,18.135997258110965,24.50070572982538,0.3916942373453208,0.7699689363976382,2.311569019861243,2.5641159683458543,5.377218080589636,2.986028517688208,7.109012633931695,0.41347626134641946,0.13386830779131975,1.9019289921580942,0.8938467685384717,1.6951983522570877,0.5781088366953733,1.7503086638647978,0.3729137383494462,0.01112771964789902,0.5302122052187549,0.4377358490566038,0.014167108404976845,0.0,0.9102564102564102,0.5622641509433962,0.30342823729604185,0.8346199625727766,2.829864980992709,1.1963044948656458,0.2661276943046203,107.92629311713581,0.05458538235883487,0.02498613451681323,0.011879967894494213,0.05736532276873852,0.37515453481870914,0.7753612077818348,0.6464524395609623,1.1994095162026472,1.7264257871893403,1.0701011561549996,1.6133295224094448,0.047135393207819114,inf,inf,0.0,0.0,,0,0,0.12116164980921809,1.2866362276337568,0.8500000000000001,1.0250000000000001,1.5,-0.0728320639504007,-0.4453616799999999,0.6593406593406593,3.0,59.0,117.0,2.2261459827423096,7.631314277648926,30.692182540893555,0.0011033185545174502,1,1,0.023060761718096793,0.011306746597739595,0.03916738537409315,0
Batch_3,img_kbdh4tri,2060,6998,14415880,0.0653714514826705,0.29037145148267046,0.050786077575562506,0.06983132490004079,0.016156349803133765,0.8647972236172887,0.05433824769864801,18.6599777467626,30.660632580182412,0.3914914393028303,0.8429868450369273,2.218588306282434,2.6315074717599356,5.333904538619642,2.9029155418839787,5.531791835226514,0.4331303628064022,0.14632727153522754,1.8489907910089036,0.8961452178481278,1.8052124855506995,0.6457646813570824,1.9272552237940281,0.23488329971778393,0.0008813970142676141,0.7205164105875754,0.5613382899628253,0.0012164805349811803,0.0,0.9938650306748467,0.4386617100371747,0.3415233756107848,0.5673354661664776,4.572941100231824,1.198334682548861,0.27783114908082074,101.69341032250546,0.0,0.022310465958373684,0.008079700996401191,0.034981284527895624,0.4387981409679966,0.5007263395039425,0.42121243273201864,1.1887738836581583,1.1584905660377356,1.2978188562407076,0.8926442703979863,0.004353244747143183,inf,inf,0.0,0.0,,0,0,0.024994597709428797,1.0539353885011296,0.47500000000000003,0.75,1.4500000000000002,-0.1633092880906334,-0.37268206,0.9835164835164835,24.0,63.0,118.0,2.429727792739868,7.3534345626831055,27.452817916870117,-0.00021495584473625644,1,1,0.008406201284933561,0.012238082287068654,0.03528266117050862,0
Batch_3,img_mgxahqnk,1904,6998,13324192,0.10771452407770768,0.33271452407770763,0.07094756665169641,0.09548136202180214,0.019428945485024534,0.7968041139004902,0.07951218367458344,28.06924427387417,45.856439174698174,0.3816107610236958,0.6663607031292103,2.0715663912250153,2.8035454097612282,5.932179149945573,3.4403544594106976,8.644214828827973,0.46141249673390683,0.2274650144554378,2.191308572873056,0.8789662299598796,1.7836243608553508,0.7133690520731364,1.7285338677317375,0.4936909088239492,0.017013359634179145,0.5170248121218015,0.4385026737967914,0.016556144827080635,0.0,0.8898305084745762,0.5614973262032086,0.487486220552811,0.7600220711319681,3.1451880576852433,1.2025898633525138,0.2676186174229157,111.7516169085525,0.0,0.029216856076526066,0.010724702856278264,0.06777296514490334,0.4635930697379525,0.6199714033935791,0.5176475892316127,1.197670802087293,2.1532234539089847,1.216896865437102,1.7694379162818863,0.022909245025830173,inf,inf,0.0,0.0,,0,0,0.04092378752886836,1.344197834488165,0.5750000000000001,0.9750000000000001,1.8,-0.17061907393709128,-0.5527098999999999,0.8397435897435898,1.0,56.0,133.0,2.5116374492645264,9.784263610839844,47.818817138671875,0.0005607841839157594,1,1,0.012111988897735284,0.02027120354438294,0.05803728413062797,0
Batch_3,img_pl8uabbv,2272,6998,15899456,0.11496795865217024,0.3399679586521702,0.06324908223275061,0.07686954824114738,0.007989518635102987,0.8081624931066824,0.07146530213349965,31.762092992364014,25.72415056213244,0.3793085991328536,0.6482044814428575,1.854457477846948,2.3011051598454513,5.148597046445821,2.665204094157961,6.8724104313723435,0.353194925349981,0.12741317348596792,1.697582225578319,0.8696608453937693,1.8721499285253551,0.6946269291486996,1.5745938719632608,0.2053029051547845,0.033376233376233376,0.5357647138466967,0.3069306930693069,0.035430178064798666,0.0,0.7836879432624113,0.693069306930693,0.44184656380696286,0.8121787311465246,2.9851649474955866,1.135897371693751,0.24266711549775605,126.79679103486308,0.006563809478764556,0.04005262821570751,0.01433545902451002,0.054016061933188156,0.4363803533958866,0.598794501880315,0.5304861627043091,1.1287655437189617,2.148653361444446,1.358701173129999,1.581402448114958,0.035389009646648824,inf,inf,0.0,0.0,,0,0,0.058913654105716265,1.3535854386997133,0.65,0.9,1.425,-0.1429457209101997,-0.4319668,0.8509615384615384,0.0,53.0,127.0,2.3554000854492188,10.983226776123047,59.46416473388672,0.0007523445522258286,1,1,0.012954920387844163,0.014567387000472507,0.0427965731359909,0
Batch_3,img_ptg8lmto,1612,6998,11280776,0.08932408550617439,0.31432408550617436,0.05807827404781373,0.07674108589692766,0.012937407852083934,0.8339348285968979,0.06377490951882148,28.278196464498542,35.813139096104734,0.3686707673630524,0.601728755781259,1.894713225121932,2.6249977640302116,7.357916907444293,2.971749110072293,7.357916907444293,0.422441266972746,0.2080077171046205,1.8928338280715242,0.860864334408719,2.0144432876812077,0.6946180035598257,1.6831241141281759,0.3089716051128389,0.01833731210157664,0.54003490639394,0.39184952978056425,0.02189046645382947,0.0,0.8446601941747572,0.6081504702194358,0.47737496072965196,0.7130254159820211,3.508717122439541,1.2386376741027383,0.2562241424226802,108.32588112732671,0.009394477826702703,0.03332403728254155,0.010531810932155732,0.03607375946477441,0.4205689672160678,0.5537484612679153,0.45054952425239664,1.2290512617603098,1.4938881779268345,1.4380530973451329,1.0388268560352756,0.04299001258642954,inf,inf,0.0,0.0,,0,0,0.09654294519630176,1.166170513943257,0.525,0.8,1.475,-0.15668856468739384,-0.49643758,0.9230769230769231,4.0,57.0,133.0,2.554422616958618,10.017048835754395,53.46615982055664,0.0001920863118073674,1,1,0.012737803473092585,0.018292841568847883,0.05278006792527655,0
Batch_3,img_tuy3zymq,2060,6998,14415880,0.07326628690027942,0.2982662869002794,0.03485496549638316,0.06187953839793339,0.023603970066343506,0.8648541747017872,0.03761055090981956,18.174402117664687,37.666795228595134,0.40113002213402293,0.7745724086203629,1.8968008675155428,1.8803263176338447,3.5900372270467735,2.1147231649899396,4.710898562348151,0.21502791239190788,0.0,1.3469574299298979,0.8873257946520382,1.746704403119879,0.6580889516359134,1.9909414165336448,0.3461357092800549,0.0014920048003632708,0.7229124925416223,0.5572519083969466,0.0027758360258990414,0.0,0.9871794871794872,0.4427480916030534,0.3634519710208464,0.5753433019697721,4.509590213742815,1.221452634754626,0.2918011215779747,94.27103999200881,0.0,0.022537715352791504,0.01485146935185365,0.03587710219563426,0.46499557040808775,0.5563621997471555,0.46472860713154285,1.1971765697429413,1.9978843441466854,1.0900483347679268,1.8328401415080722,0.015260491587966727,inf,inf,0.0,0.0,,0,0,0.02976114446289437,1.2647973316234091,0.525,0.7250000000000001,1.225,-0.11081303395977214,-0.30568698,0.9505494505494505,24.0,63.0,116.0,2.35121750831604,7.342142581939697,27.3193359375,0.00011178927013400705,1,1,0.007553996851166251,0.009672274759653748,0.028116144771165048,0
Batch_3,img_ufdvpb81,2088,6998,14611824,0.12337966841100742,0.3483796684110074,0.04659616759687223,0.0576732925334989,0.009790564134908825,0.8189470390554937,0.05315433137674368,23.542577572793103,17.58849545409252,0.41034758622347683,0.8214688634231899,1.7378046625466035,1.8457279205998969,4.671033199247029,2.421610665336148,5.113002146711336,0.35229233830991913,0.09501288820674006,1.5424271753733427,0.8926035066055908,1.6866694730131682,0.5566142884303592,1.4733694874488508,0.28253447465563397,0.003568242640499554,0.5674692629359732,0.3430232558139535,0.0027007883022941936,0.0,0.9790209790209791,0.6569767441860466,0.2393677887168638,0.7785503028232478,3.1556613724986904,1.1542626534387086,0.2676186174229157,102.51971280245368,0.018719291992567114,0.03699763971972288,0.01372860773576249,0.053934128962954936,0.4187780711115172,0.671554691341469,0.582187560550281,1.1535023020875241,1.8049877350776777,1.047937514448958,1.7224192379703127,0.015295880830192107,inf,inf,0.0,0.0,,0,0,0.060919287442269626,1.2822255280430492,0.675,0.9,1.425,-0.0889843047657842,-0.36913744000000004,0.7087912087912088,3.0,59.0,117.0,2.207198143005371,7.588354110717773,30.58948516845703,-0.0009273357173344415,1,1,0.013537741118199826,0.014633143975377006,0.04315137345438311,0
Batch_3,img_utfgcjfa,2068,6994,14463592,0.11310648143282803,0.338106481432828,0.06420092602169641,0.08475688473513357,0.013742644289191785,0.8021366338320384,0.07238853895946465,28.27789943189769,40.4463842730077,0.37530271067010346,0.6314135985589777,1.849980496678814,3.3543194096390914,6.358594321315451,3.293530851093701,6.629647734552555,0.5361133606726858,0.23222331828520232,2.097790351015096,0.866731280615721,1.8808854691120456,0.6934345805623509,1.6710593071631796,0.17682670839484316,0.020835410228292293,0.5359423099142893,0.38875305623471884,0.02554933718501305,0.0,0.8293650793650794,0.6112469437652812,0.5178215757192266,0.7837499840980028,3.0703795219410295,1.1598702213190006,0.26007854739300496,114.14868450382173,0.010825664883246154,0.03535968105295006,0.01552760890932211,0.05139352658730971,0.40882969876162184,0.6164837732322396,0.5347002144127184,1.1529521713570794,1.573154196967829,1.1638037833546555,1.351734905374877,0.03994419855679001,inf,inf,0.0,0.0,,0,0,0.09144723412941416,1.207890853710545,0.65,0.875,1.6,-0.14686977481112576,-0.48785098,0.8571428571428571,0.0,54.0,131.0,2.5487782955169678,10.032576560974121,50.68498611450195,-0.00043279642761895467,1,1,0.012806185408139756,0.015005410090981677,0.04392346830085443,0
Batch_3,img_vc2whyaq,2068,6998,14471864,0.10896599083573477,0.33396599083573475,0.0612970105302261,0.07159416368202465,0.0065929309451774835,0.8194398454822406,0.06879312113767566,22.25007089618863,19.900684528268094,0.3817148842079553,0.8053202904137176,2.4459979434528893,2.6587340591767603,5.5118319379400935,2.872766203740378,5.927549325959446,0.3988199512559155,0.13868954617498722,1.829787390917438,0.8843759379304539,1.8525723013266047,0.6694134854700742,1.8245306780019555,0.14389273880972825,0.010584250635055038,0.6075961611889676,0.38509316770186336,0.015453512911305036,0.0,0.9101123595505618,0.6149068322981366,0.3325542583871711,0.757925862210977,3.2434828510475358,1.2550022084805654,0.2554476984975146,98.74332705171912,0.015439752612379442,0.047404328841122334,0.007556801252416413,0.03856510812981659,0.3972570334874044,0.640668318842935,0.5137686683868949,1.2469976436174537,1.3330618289522398,1.2172557807884283,1.0951369876336121,0.01234850693432177,inf,inf,0.0,0.0,,0,0,0.08735194585448393,1.12968642587462,0.625,0.9,1.625,-0.14460962319712234,-0.47613571999999993,0.8241758241758241,1.0,55.0,131.0,2.5131213665008545,10.096875190734863,51.315452575683594,0.0019112571544439092,1,1,0.011264558968655785,0.018684619024985222,0.0535159022677524,0
Batch_3,img_x77cy643,2068,6994,14463592,0.11103673278394469,0.33603673278394464,0.06848955639788512,0.08379674979769894,0.010057667555887915,0.8051665174183564,0.07704430421784715,23.92213497172763,31.73485535266758,0.3710362189886884,0.734205293728952,2.4798502752348837,2.5283311273023514,4.3863699194640695,2.7321748961438432,5.288054793706852,0.3873370314100979,0.035473271384658875,1.7402387873527663,0.8802898064231959,1.7927261705031656,0.7295618939167688,1.9157548924530161,0.3828193871439973,0.015085498191384413,0.6253515808270149,0.42196531791907516,0.01580452337226977,0.0,0.9121951219512195,0.5780346820809248,0.45010119201371274,0.8191519782914229,2.948780710135485,1.1491035657959139,0.26007854739300496,119.67981397705356,0.005868459231980548,0.04036784223448781,0.013412297581403014,0.05138813373607331,0.41710585027865466,0.5774782095906568,0.5064936293679828,1.140149009003826,2.2443370654095465,1.2360669544162544,1.8157083298691197,0.023673728509845282,inf,inf,0.0,0.0,,0,0,0.05575959933222037,1.3678112355983079,0.6000000000000001,0.8250000000000001,1.425,-0.16125067687196928,-0.48372114,0.8846153846153846,0.0,55.0,131.0,2.5348424911499023,10.127087593078613,51.25065994262695,1.6125745261034236e-05,1,1,0.01255032546715984,0.016585883279245442,0.04810642596046009,0
Batch_3,img_x7u69zsw,2060,6998,14415880,0.06608767553558992,0.2910876755355899,0.042791144210412406,0.08224298481951847,0.03670570232271634,0.8516693396448916,0.04581923065952976,21.920271256420005,40.64961695019659,0.3964331095720889,0.8013178596165166,1.927635315370492,1.9531881593724483,4.376016767885704,2.2361359045083895,5.615174598882513,0.24201617191248756,0.06423050486972988,1.4242903850371906,0.887834246679253,1.7805183971565015,0.5315110472061609,1.4599676793317824,0.16358281519809417,0.0011087673751960625,0.918133250202577,0.47468354430379744,0.001632137533298808,0.0,0.9871794871794872,0.5253164556962026,0.3627527421149454,0.5655041523653083,4.518106557216176,1.1923178243034733,0.28698815743330774,97.53133350166623,0.0,0.016469615451848933,0.0143285043993152,0.03528955568442579,0.46987804342474265,0.5108375335120644,0.4286089616699658,1.1918498659517427,1.7565079365079364,1.3254597099715952,1.325206585529166,0.004220068771491091,inf,inf,0.0,0.0,,0,0,0.04860172205223084,1.2073517775705591,0.47500000000000003,0.9,1.25,-0.13889446221805396,-0.32804517999999994,0.945054945054945,25.0,63.0,121.0,2.430351495742798,7.383126735687256,27.815717697143555,-7.20468319644989e-05,1,1,0.007714364115787227,0.010125440508402283,0.02938203278104198,0
Batch_3,img_xgj4xftb,1612,6998,11280776,0.09691549588432569,0.32191549588432566,0.06033857954452779,0.09459491084655879,0.025351181514463188,0.8084895932691155,0.06681387984130346,32.00134458835102,68.0804228361595,0.3667232293060416,0.554945776524894,1.6022388186760026,3.0106268465360233,5.814438322966407,3.2208254464526545,7.2365424548082204,0.5148883593421737,0.2207117734689261,2.051481176084493,0.8681444416469236,1.8557178758827815,0.6649339180956204,1.5117479892107706,0.4970929491989694,0.01937155085032098,0.5455369574957095,0.43213296398891965,0.018151124664464145,0.0,0.8721461187214612,0.5678670360110804,0.6762336208076466,0.7299107791875311,3.3229661062234936,1.2033872885622772,0.25388531259649033,119.22938634718038,0.008862333584143503,0.024531291109760534,0.01611156892043597,0.04741030226998568,0.43819919846341165,0.5719078906070181,0.4893919318161471,1.168609152350861,2.2645260050297042,1.1414202008083232,1.9839547288772599,0.08804936785069235,inf,inf,0.0,0.0,,0,0,0.09656230816451811,1.3502120547374692,0.625,0.9,1.9000000000000001,-0.15288148616726366,-0.5970714799999999,0.9076923076923077,6.0,57.0,134.0,2.5852537155151367,9.957282066345215,50.476924896240234,0.0023286434070222575,1,1,0.018856368301564334,0.02407959281549113,0.07001003256946449,0
