feature,n,mean,median,std,p5,p95,ci95_lo,ci95_hi,env_lo,env_hi
pore_frac,17,0.11424679286790891,0.1079670618247299,0.021743413080905643,0.09273150329522435,0.15366517771296637,0.10544356740831917,0.12476474489361392,0.09273150329522435,0.15366517771296637
graphite_frac,17,0.8189933047475388,0.8218194027611044,0.01923446578065458,0.7855951921800806,0.8472708800060034,0.8098463579136874,0.8274854156911716,0.7855951921800806,0.8472708800060034
silicon_frac,17,0.06675990238455218,0.0611048166392994,0.014044071319684997,0.04987740665231606,0.09367313411723761,0.060937120696297864,0.07312507858809801,0.04987740665231606,0.09367313411723761
si_d10_um,17,0.38495521720137826,0.3769919732144873,0.02399972611042771,0.36173146877388523,0.4240661233881837,0.3749382074181474,0.3960283767962598,0.36173146877388523,0.4240661233881837
si_d50_um,17,0.7630138936430334,0.6852208893279993,0.20519607175887547,0.5652856082142705,1.1234084333885217,0.6763489574756317,0.8626861779589757,0.5652856082142705,1.1234084333885217
si_solidity,17,0.8959446777192572,0.8980911119549901,0.01772324147426899,0.8635406527856015,0.912816524401233,0.8875567383846964,0.9029980025027754,0.8635406527856015,0.912816524401233
gr_chord_h_um,17,3.6681007085735886,3.716792018348257,0.427917557707885,2.9657344974845024,4.236266670426153,3.4713121538232388,3.8563642508908442,2.9657344974845024,4.236266670426153
gr_chord_ratio_hv,17,1.1996279538324088,1.1917373896051648,0.0378396018394491,1.1510002879292376,1.2632164612311783,1.1825383258819657,1.216871454847923,1.1510002879292376,1.2632164612311783
gr_st_coherence,17,0.10842795231763051,0.1100009977817535,0.008117601005994372,0.0939118593931198,0.11813512146472929,0.1045048125197782,0.11183081013972267,0.0939118593931198,0.11813512146472929
pore_thick_d10_um,17,0.05365497512909236,0.0500002897654588,0.008138745576606297,0.0499984032006032,0.0707116295532492,0.050000259874915895,0.057310170228327156,0.0499984032006032,0.0707116295532492
pore_thick_d50_um,17,0.26965970996863,0.2500054804350987,0.045982347510969634,0.2213110204561914,0.36736937386754265,0.2510598219705721,0.2920524589690149,0.2213110204561914,0.36736937386754265
large_gap_frac,17,0.014761220988167397,0.0084981992797118,0.020187108423205136,0.0,0.05990408421162969,0.006908409963337751,0.024734717812878587,0.0,0.05990408421162969
pores_per_mm2,17,154974.6378085737,155027.62248873294,12984.1499405779,137136.462291171,172640.24166767023,148861.75385184254,160655.527643443,137136.462291171,172640.24166767023
ring_porosity_250nm,17,0.08355010286968688,0.0828932708876548,0.02158138314951808,0.05942423582698968,0.11632617964039524,0.07462312138953847,0.09389705378409154,0.05942423582698968,0.11632617964039524
ring_porosity_500nm,17,0.19997650721543295,0.1890453761366447,0.0406869619058307,0.1582969069268847,0.26594841310682915,0.18374744231864085,0.21878364213613777,0.1582969069268847,0.26594841310682915
corr_len_gr_um,17,0.935296067730594,0.9499696608114626,0.10423294782543194,0.750004346481882,1.0600209087784047,0.888234208711786,0.982356348758449,0.750004346481882,1.0600209087784047
si_clarkevans_R,17,0.6792525343252261,0.6758296016840767,0.0433898615755407,0.6133148174922167,0.7363546904878274,0.659916948889738,0.6978288764085786,0.6133148174922167,0.7363546904878274
inlens_edge_density,17,0.04015039740239869,0.0420406349003315,0.00746833100016763,0.0297144662588834,0.0495543025434017,0.03665763219708901,0.043429746895151944,0.0297144662588834,0.0495543025434017
inlens_bulk_texture,17,50.93342500574448,50.90650939941406,11.246250251053869,38.20748596191406,64.90594940185547,45.65053862403421,56.336985060747935,38.20748596191406,64.90594940185547
etd_roughness,17,0.030303088071591655,0.0297330226749181,0.003460813188697445,0.02595137543976298,0.03464628979563706,0.028719800321713895,0.03186921143685189,0.02595137543976298,0.03464628979563706
bse_bulk_texture,17,11.815763754003187,12.775035858154297,1.7282820492386224,9.659981536865235,13.696313858032227,10.997969574086806,12.597968773280872,9.659981536865235,13.696313858032227
