pore_frac,graphite_frac,silicon_frac,si_share_of_solid,si_per_mm2,si_d50_um,si_d90_um,si_d99_um,si_dmax_um,si_d50_area_um,si_large_area_frac,si_solidity,si_aspect,si_sv,si_cracked_share,si_pore_dist_mean_um,si_no_pore_share,si_clarkevans_R,ring_porosity_250nm,ring_porosity_500nm,gr_chord_h_um,gr_chord_v_um,gr_chord_ratio_hv,gr_sv,pore_thick_d10_um,pore_thick_d50_um,pore_thick_d90_um,large_gap_frac,crack_frac,compact_pore_frac,pores_per_mm2,pore_chord_h_um,pore_chord_v_um,pore_anisotropy,pore_depth_cv,pore_depth_slope,crack_len_density,lineal_path_pore_um,corr_len_pore_um,corr_len_si_um,corr_len_gr_um,pore_patchiness_cv,si_patchiness_cv,bse_bulk_texture,inlens_edge_density,inlens_bulk_texture,etd_roughness,gr_st_coherence,gr_st_orient_deg,tau_x,tau_y,pore_percolates_x,pore_percolates_y,pore_largest_cc_frac,batch,image_id,subset
0.1134188695045083,0.7180046011982173,0.1685765292972742,0.1901422481246136,200459.08778159588,0.5262421705743832,1.166524632867637,4.095611099558661,9.282396632702,2.636425734254911,0.5814008596792909,0.8288829454065049,1.5947435854186234,3.518988661872491,0.0004926108374384,0.938925240280013,0.1334975369458128,0.821929214894622,0.1383844234482412,0.2032169216512076,1.9224351657977896,1.746492942656608,1.1007403000859275,0.634829076410654,0.0707108340165565,0.3162284632134498,1.2010438629171527,0.0056869407734594,0.0487720098630256,0.0589599188680232,177055.73615389233,0.7194253255645792,0.6365607816019014,1.130175383651738,0.1989345430363383,-0.0280788444130449,0.1058732437489297,0.7194253255645792,0.8500018740198798,1.450003196857442,1.2500027559115878,0.1243476858061737,0.1513952082344922,14.468419075012209,0.0512485653162002,40.538841247558594,0.0419031716883182,0.1134204193949699,4.029874801635742,inf,inf,False,False,0.0501410461795639,Batch_1,4ih2ggld,full
0.1024982447408882,0.7200433309534884,0.1774584243056234,0.1977248771556893,198484.1213995112,0.5170894346223395,1.177282456266059,4.419060641728759,9.276093350533444,3.063048518690076,0.6281914979697264,0.8379847470894116,1.6139960391165364,3.284708818833703,0.0,0.9746622463303066,0.1293532338308457,0.826516865755975,0.1435007455820298,0.202976914611627,1.9006822350014232,1.7374198399674663,1.093968303617975,0.658707717614582,0.0500001102364635,0.2549515377775178,0.9513169769137824,0.0078978019514728,0.0360162629323837,0.0585841798570315,205396.5037368076,0.6229017243933391,0.5520541902153179,1.1283343835328712,0.3342680965589294,-0.0264870717085464,0.0881528188170214,0.6229017243933391,0.7000015433104892,1.550003417330369,1.2500027559115878,0.0873619135446119,0.2788973409157801,14.589942932128906,0.0514151453971862,41.23175048828125,0.0423286408185958,0.114152044057846,6.65261173248291,inf,inf,False,False,0.0770530458491093,Batch_1,4ih2ggld,L
0.1233429958989642,0.7163525962528797,0.160304407848156,0.182858754448143,202829.04744009752,0.5448167377208709,1.184992631150329,3.896729813920533,8.08546675775885,2.1136215235271867,0.5207721182968804,0.82153373140395,1.5980208582068356,3.764130766601228,0.0,0.9070987658470956,0.1587147030185005,0.8295552937024322,0.1306747707385843,0.2024649677431403,1.9087488801591592,1.7599628797236468,1.0845392832710623,0.6074803527526491,0.0707108340165565,0.3807894948290896,1.3928418985509443,0.0396634247450554,0.0365534561570342,0.0471261149968745,152862.3979733549,0.8169941484360053,0.7252708766905043,1.1264676063708017,0.1288682170138839,-0.0283811185496376,0.0833141405129618,0.8169941484360053,1.0000022047292705,1.2500027559115878,1.2500027559115878,0.0598993480101388,0.2283917289756832,14.364676475524902,0.0510883331298828,39.85150146484375,0.0414836145937442,0.1131404861807823,1.3612579107284546,inf,inf,False,False,0.0918061300159019,Batch_1,4ih2ggld,R
0.0815701949173451,0.7344233283987169,0.1840064766839378,0.2003489822146811,161657.31826605444,0.5186261079495021,1.3834469114608647,4.918478602929499,10.514214909125606,3.535777510358425,0.7123741475606076,0.8523383875079614,1.5268679712194773,2.74360256315315,0.0,1.0945940047381677,0.1306471306471306,0.7920383301739667,0.1230551765481626,0.16690467431574,2.1626609749329178,2.062401397278558,1.0486130283787904,0.581544316252835,0.0500001102364635,0.2500005511823175,0.8732143850257184,0.0,0.0206266345916604,0.0609435603256846,211792.79914465983,0.5360520298542589,0.504917343330201,1.0616629373804194,0.1754504638306267,0.010262092402884,0.0514062523182011,0.5360520298542589,0.6000013228375622,1.9500042992220767,1.550003417330369,0.1333432624191677,0.2572833604020654,14.49899196624756,0.0494474805891513,38.279815673828125,0.042412020266056,0.112444519996643,11.220491409301758,inf,inf,False,False,0.0377059866184317,Batch_1,5n1q8atc,full
0.0875303478904515,0.7484668147051566,0.1640028374043918,0.1797351145051584,174684.64794317237,0.5170894346223395,1.2880804025850232,4.294498920769112,7.943127628426448,3.0911725110351163,0.6505585178249965,0.8415332334565055,1.6281873720754296,3.179849049640292,0.0,0.9391664638862188,0.1536723163841808,0.8057555184708138,0.1199628417384704,0.1730235581827705,2.143247271546246,2.039472501476756,1.0508831425745373,0.5756024263643365,0.0500001102364635,0.2500005511823175,0.9486853896403492,0.0059924747100912,0.0218818159388107,0.0596560572415494,202713.14512727465,0.5758550825420549,0.5416698967094059,1.063110735967276,0.1934972889250011,-0.0086452000272725,0.0528644282298909,0.5758550825420549,0.6500014330740257,1.550003417330369,1.3000028661480514,0.0835517880825245,0.2772504407595302,14.331433296203612,0.049776941537857,39.41227722167969,0.0425369329750537,0.1129132136702537,12.838459014892578,inf,inf,False,False,0.0682418138434239,Batch_1,5n1q8atc,L
0.0753111275598322,0.7164937083641747,0.2081951640759931,0.2251515837176513,159091.32908722817,0.518242224609526,1.6054412415025312,5.178662147802115,10.490839813419372,3.8116441529796266,0.7420609929741602,0.8594366316461297,1.6691191598496304,2.482273984623625,0.0,1.1633050845417403,0.1265508684863523,0.8139087771267574,0.1275173175777331,0.1631645141061454,2.0762046203559814,2.0239384748553206,1.0258239794094517,0.5943620824659578,0.0500001102364635,0.2061557357974659,0.7826255175985086,0.0,0.0197305699481865,0.0555805576116456,227583.50178359068,0.4906395437580267,0.4652288873079462,1.0546196875200926,0.2172983984336149,0.0306596025022584,0.0512113354027637,0.4906395437580267,0.5500012126010987,2.150004740167931,1.7000037480397596,0.1327016925658116,0.2709537102264578,14.596177101135254,0.0491244755685329,36.60735321044922,0.042293481528759,0.1120134219527244,9.465690612792969,inf,inf,False,False,0.0612788137703285,Batch_1,5n1q8atc,R
0.0800540007976664,0.8373233952283154,0.0826226039740181,0.0898124499108192,44913.039734146405,0.6633638186774213,2.4266548456575694,5.481148806810793,6.960745885389717,3.599712077679122,0.7423061594290592,0.8916058176123047,1.4638059281518614,1.988409168126141,0.0,0.8967275994380984,0.1208530805687203,0.6925955825110451,0.1079511968079357,0.2271896786942775,3.734261731318819,3.1822712974271137,1.1734580060279565,0.5791525915790883,0.0499994078810279,0.1999976315241117,0.649992302453363,0.0,0.0344950183093461,0.0455589824883203,220627.32551868603,0.4902103994409529,0.4288310436773091,1.143131792039363,0.155272231881919,0.0206856865549742,0.0921850509311373,0.4902103994409529,0.4499946709292513,1.6499804600739216,1.0499875655015865,0.0929367159716618,0.1793951997192849,13.846169471740724,0.0459085702896118,41.02870559692383,0.0348783954977989,0.0979430451989173,24.613449096679688,inf,inf,False,False,0.026984179739431,Batch_1,f1vzngrs,full
0.0740114360953355,0.8308106652446057,0.0951778986600587,0.1027851772366573,57479.87480296232,0.6310052047181873,1.913234774773232,5.439924684016374,6.981806155730937,4.215602074005507,0.7182556965464315,0.88850219648029,1.4569090785459993,2.03690270421656,0.0,0.9359808502937044,0.1222222222222222,0.6808555013871807,0.1143957517942763,0.2215605639137188,3.479502526091172,3.0405407243831304,1.1443696504992869,0.5832058495725485,0.0499994078810279,0.1802754288578844,0.5656787258877913,0.0,0.0327666111573245,0.041244824938011,235880.37511734164,0.4510349738663193,0.4027079321859827,1.1200051894135965,0.2799749361340569,0.0133500762267869,0.0893056367660263,0.4510349738663193,0.3999952630482234,1.7499792758359771,1.1499863812636424,0.144725806174161,0.1249451913365,13.681772232055664,0.0454022027552127,39.40464019775391,0.0348416343331337,0.0972913056612014,24.979646682739254,inf,inf,False,False,0.0437458090565725,Batch_1,f1vzngrs,L
0.0841229050279329,0.8443559457302474,0.0715211492418196,0.0780903350836619,36180.691988408544,0.6989718880047568,2.822888850832989,4.656909112215035,5.730623780169148,3.467606148070776,0.7710680746803298,0.8965046984799766,1.5511569278996975,1.947833223445391,0.0,0.8547234881845992,0.1,0.6942377460374366,0.1048764061426847,0.233015116882119,3.9262431196581433,3.387440673101573,1.159058858457656,0.5591801902204288,0.0499994078810279,0.2061528399118182,0.7070984073597391,0.0,0.0355513434424049,0.048571561585528,202186.21993522425,0.5309349797280932,0.4553907877912062,1.1658887135229523,0.1810586858849039,0.0288201375623211,0.094105929548527,0.5309349797280932,0.4499946709292513,1.4999822364308375,0.9499887497395306,0.0932277969352615,0.2412551161777019,13.97795581817627,0.0464230626821517,42.5778694152832,0.0349219553172588,0.0990654155611991,23.8968563079834,inf,inf,False,False,0.0512304802383166,Batch_1,f1vzngrs,R
0.0938338031806741,0.8575441409212305,0.0486220558980953,0.0536568855346407,22420.384286162996,0.862119265063616,2.766173221769856,5.41930715882526,5.577328602452194,3.11342731846628,0.6902078956489753,0.9063004570415788,1.6156459851369576,1.8667008996417096,0.0,0.9483519454241351,0.1323529411764706,0.6323136803725246,0.0830188581574601,0.2267548484435486,4.748710771343851,3.761742680742012,1.2623699105349646,0.5282241147300787,0.050000447248095,0.2500022362404753,0.9000080504657112,0.0,0.0418549490586567,0.0519788541220174,143754.22865833918,0.6487269053062996,0.526662921411997,1.2317687061907563,0.1343144029258816,0.0157197823132241,0.1147378924205577,0.6487269053062996,0.6000053669771408,1.500013417442852,0.9500084977138064,0.1075368829754278,0.1848282315440391,12.991192817687988,0.0426716729998588,38.96974182128906,0.0312671326100826,0.0965060070157051,13.741670608520508,inf,inf,False,False,0.0280756208707746,Batch_1,ffwubibz,full
0.0953931892628663,0.8554798623782619,0.0491269483588717,0.0543075154594954,19785.518923749823,0.9568188065542778,2.8703979904897228,5.451058298343335,5.527955838453435,3.2646128645669985,0.7181636223668556,0.9099017379611096,1.5607002557791692,1.7644743841053885,0.0,0.990875408646948,0.1222222222222222,0.6973594818283405,0.0805022519448614,0.241817654090804,4.646672706096277,3.83696704978956,1.2110275240312856,0.5255558652728621,0.050000447248095,0.2692606488614268,0.9924805396851656,0.0,0.0387612119946358,0.0566319772682304,145753.3227382904,0.6594010810016616,0.5435366315136609,1.213167692424588,0.1314682478818062,0.0173901334447204,0.111371483835565,0.6594010810016616,0.6500058142252358,1.5500138646909472,1.0000089449619014,0.1163643084612821,0.45094628806296,13.174389839172363,0.0439459346234798,43.64443206787109,0.0322172231972217,0.099802665412426,12.168993949890137,inf,inf,False,False,0.0487566689328555,Batch_1,ffwubibz,L
0.0910451923076923,0.8606971153846155,0.0482576923076923,0.053091409935122,25274.27311788277,0.7928891927495393,2.394530743277403,4.705748901178117,5.575758870574493,3.1544371446978694,0.6702082775056873,0.9003325710919136,1.6742240847613985,1.9801295017561888,0.0,0.9098261625033812,0.1565217391304348,0.5652421654703628,0.0834472658625706,0.2136782374968412,4.616263222736159,3.7395148293227214,1.2344551187599455,0.5223868527946701,0.050000447248095,0.2500022362404753,0.8015681470264716,0.005301923076923,0.0396846153846153,0.0460586538461538,140437.04802023558,0.6372975354806093,0.5120159818320713,1.244682896811661,0.2696329714291139,0.0140013736263735,0.1061913578146578,0.6372975354806093,0.6000053669771408,1.450012970194757,0.8500076032176161,0.1391742353979803,0.4163707564567991,12.814250946044922,0.0414054542779922,33.65538787841797,0.0303236190229654,0.0937828347086906,14.914106369018556,inf,inf,False,False,0.0581932351552257,Batch_1,ffwubibz,R
0.106069067706066,0.825562604422891,0.0683683278710429,0.0764805483300612,37115.17770273838,0.7350837956669118,2.4155077533540688,4.901344602719714,8.381482163953542,2.813039699163822,0.6955718191803445,0.8988501070718999,1.534246044805608,2.060946788695683,0.0,1.02358927310403,0.28,0.6915775814826206,0.0544973294890579,0.1675804452971979,3.9137410222947535,3.1986761392037675,1.2235502601613757,0.5942118601444545,0.0500007937133868,0.2549550228396868,0.9000142868409629,0.0052603818424665,0.0444316584489286,0.0563770274146708,156520.006540691,0.6714056067200901,0.5509144500289188,1.2187111931532135,0.2769130023558616,-0.0016533993354198,0.1158383084293787,0.6714056067200901,0.6500103182740287,1.500023811401605,0.9000142868409629,0.1142908639920379,0.3916685933798083,13.756705284118652,0.049259178340435,39.46882247924805,0.0350342877209186,0.1052422821521759,3.662893295288086,inf,inf,False,False,0.0495939292786456,Batch_1,fzrt2k6r,full
0.1022659005143796,0.8376783772304942,0.0600557222551261,0.0668970046804912,42629.43267571665,0.6770382475731116,2.2926532380971856,4.857516795352747,5.210672099576131,2.792924018681293,0.6585861637679196,0.8954706868968217,1.6181203007953369,2.382170268108226,0.0,0.9648227031024796,0.3482587064676617,0.6539903887360744,0.0496781815219162,0.1631310318321135,4.047378768828599,3.344455371998297,1.2101757442229852,0.5519561267001424,0.0500007937133868,0.2692625146341229,0.934091912403198,0.0260413656486003,0.0350423471111014,0.0411821877546778,145915.6700541943,0.6858178774031263,0.561459483180255,1.2214913060484305,0.451813520615673,0.0037091995272646,0.0994490462260917,0.6858178774031263,0.6500103182740287,1.3500214302614442,0.9000142868409629,0.1647170878775403,0.7306355232659931,13.59263801574707,0.0486736483871936,36.71290588378906,0.0346369892358779,0.1044309139251709,8.043927192687988,inf,inf,False,False,0.1037644624992546,Batch_1,fzrt2k6r,L
0.1095872343065418,0.8135421411153253,0.0768706245781328,0.0863314493455915,32449.26964867984,0.916714120781898,2.5919215075657243,5.1062202628591145,8.38039019766523,3.115434099581799,0.7230519576007433,0.9024909582672276,1.4317427965152965,1.815589426374719,0.0,1.069425485362593,0.1895424836601307,0.7147275598324727,0.0588781786837851,0.1704174518909664,3.601551819228881,3.060708370293014,1.176705318999108,0.6379644655742757,0.0500007937133868,0.2500039685669341,0.8602461822657071,0.0160253844061462,0.0386288475742605,0.054933002326135,169245.210324487,0.6525654548181408,0.5405532387864562,1.207217731750442,0.1445949387413274,-0.007091210642181,0.107020662669409,0.6525654548181408,0.6000095245606418,1.6000253988283784,0.9000142868409629,0.1351684806980455,0.3323383836099008,13.909868240356444,0.0498529486358165,41.51322555541992,0.0354375168681144,0.1065322905778884,-1.1943771839141846,inf,inf,False,False,0.0772206423300097,Batch_1,fzrt2k6r,R
0.1116360745189203,0.8273530123982952,0.0610109130827844,0.0686778372385449,29961.489879267127,0.6364310375609568,2.7678693063872792,5.633074003952978,6.019905924753026,3.484674651191197,0.7774321432175081,0.8977123406370856,1.5574033854239326,1.9112678751439467,0.0,1.0052209414972584,0.1767241379310344,0.7169000784679193,0.0762551825471102,0.2042414174262006,4.251809300395117,3.291869568952177,1.2916092850387433,0.5781567738103432,0.0500008819053186,0.2915527370897539,0.9823614619097768,0.005285015497869,0.0573456670541133,0.0490053919669378,139863.3342208892,0.7359528086042121,0.5816363290635876,1.26531437571836,0.2855659964662165,-0.0198575068225794,0.1287559622315711,0.7359528086042121,0.6500114647691424,1.6000282209701968,0.9500167562010544,0.0946740183859696,0.4221990789285692,14.165584564208984,0.0401121191680431,41.17383193969727,0.0318510606884956,0.1007534861564636,12.315725326538086,inf,inf,False,False,0.0473414666418902,Batch_1,iv6g2oq0,full
0.1124220263463773,0.8450523053080202,0.0425256683456024,0.0479120365848534,31769.510820257383,0.6846370147101644,2.2100166305250704,3.582605559340055,3.749168526196708,2.3880200808455685,0.5977234594264795,0.8761267666761843,1.6938596038010585,2.6021505642484133,0.0,0.8779459514491248,0.1951219512195122,0.7291349605122541,0.0809352156799742,0.1925139812409177,4.125566918043658,3.2882835370436423,1.2546262728161155,0.5887346412360328,0.0500008819053186,0.2692629895622104,0.9394312808994048,0.0142853222265271,0.0479918959059796,0.0501448082138705,147999.42845534536,0.706000895121637,0.5696983662859807,1.2392538523925385,0.272231752518014,-0.0349988426844968,0.1227280432394613,0.706000895121637,0.6500114647691424,1.2000211657276476,0.8000141104850984,0.13005983107519,0.5871047295297259,14.06942653656006,0.0403040423989295,41.970890045166016,0.0318479277193546,0.0997477918863296,9.69511604309082,inf,inf,False,False,0.0788785545967974,Batch_1,iv6g2oq0,L
0.1121395131086142,0.808266821645357,0.0795936652460286,0.089646590225797,26603.73670314236,0.6076614957837094,3.4552189625640897,5.818842599177375,5.991084470299148,4.483933444845462,0.8636794829686056,0.9063387930659524,1.4966321028175122,1.569100588379005,0.0,1.070199289710697,0.1844660194174757,0.7393918180105158,0.0743293100132818,0.2162311962162517,4.110281671100585,3.2591367945119547,1.2611565363018422,0.5731466510417912,0.0500008819053186,0.3000052914319119,1.025932321618415,0.0272857742477076,0.0408144453054371,0.0440392935554694,133793.54963327906,0.7646616750487613,0.5960812556474365,1.2828144951785478,0.3325132110305576,-0.0057141057479313,0.101948350345397,0.7646616750487613,0.6500114647691424,1.85003263049679,1.0500185200116916,0.1470022517477349,0.6000980297397408,14.207709312438965,0.0399269945919513,40.23239135742188,0.031859990209341,0.1019401922821998,14.55776023864746,inf,inf,False,False,0.0941254209032919,Batch_1,iv6g2oq0,R
0.1044061765662571,0.8304931099579576,0.0651007134757852,0.0726899982697363,28575.89239535057,0.6238017628139549,3.2325940626517173,5.656633165614411,6.835501753489842,3.904697464006104,0.8189728176162236,0.8991605267235419,1.3990770870241476,1.7337268701090518,0.0,0.9815587861006532,0.2765957446808511,0.7296154960445395,0.0920893006616137,0.2177901280070898,3.98505376573227,3.288332501065372,1.211876768678706,0.5958680045807853,0.0499996661439614,0.2499983307198074,0.8062203915629884,0.0135379522302578,0.0378771435433025,0.0529910807926968,153093.82351381434,0.6379703472921083,0.5422073138853107,1.1766170078389124,0.1040989257784184,-0.0032353659438684,0.0998325574720712,0.6379703472921083,0.6499956598714994,1.9499869796144984,1.0499929890231914,0.1710060729887152,0.4386374521113281,13.889559745788574,0.0498481169342994,43.15327453613281,0.0330082476139068,0.106368139386177,5.519618988037109,inf,inf,False,False,0.0691066823216665,Batch_1,uhdslk0o,full
0.104817637866138,0.8294280128668982,0.0657543492669638,0.0734535800171755,35512.14018322386,0.5873313464625112,1.893059129846816,5.521844459183284,6.830144502557629,4.155791824975793,0.7533160770510896,0.8997755225122281,1.5439024725108212,1.9366065968580133,0.0,1.0236842522972651,0.3219178082191781,0.699986073781087,0.0821801807586727,0.2071311882435068,3.700315073188473,3.203180006760292,1.1552004774564593,0.6065863987035687,0.0499996661439614,0.2499983307198074,0.8062203915629884,0.0279757742333675,0.0240456239776714,0.052796239655099,156399.35710830783,0.6172327819898286,0.5471514697381267,1.128083933111326,0.2246456747912057,0.0025501713762189,0.0771167730586308,0.6172327819898286,0.6499956598714994,1.8499876473265755,1.0499929890231914,0.2288901796913725,0.4388258675831284,14.01603889465332,0.0511621348559856,44.67292022705078,0.0338806062936782,0.1095254123210907,4.946745872497559,inf,inf,False,False,0.140947900154169,Batch_1,uhdslk0o,L
0.1049361702127659,0.8307557750759879,0.0643080547112462,0.0718474510656216,21155.29770958067,0.6840389492229151,3.591792250450192,5.518893454655477,6.025507160318806,3.7789739831329943,0.8773972602739726,0.900688776586515,1.2428009639906956,1.5125474270439618,0.0,0.9394568316483278,0.1839080459770115,0.7429568794988145,0.1084651041184384,0.2393638014050043,4.078868568206262,3.3618305660315526,1.2132879656160458,0.5915332873822765,0.0499996661439614,0.2499983307198074,0.8062203915629884,0.0123686930091185,0.0385934650455927,0.0539740121580547,150518.72738195903,0.6560959612140352,0.537803680703532,1.2199543899657923,0.196630453610355,-0.009483282674772,0.100572100103487,0.6560959612140352,0.5999959937275379,1.99998664575846,1.0999926551671528,0.1543789679535315,0.6270388395292061,13.685138702392578,0.0485424771904945,40.79476547241211,0.0321421027183532,0.1034830063581466,6.013049602508545,inf,inf,False,False,0.1178687290001158,Batch_1,uhdslk0o,R
0.1207664620535714,0.8187111467633928,0.0605223911830357,0.0688353987546859,26005.07365373855,0.6633649868609802,2.970339464524004,5.648638922303223,6.733778455388767,4.126075126637508,0.8010432208023278,0.9034830838785513,1.4470837889841404,1.7760677366774325,0.0,1.0158928305428845,0.2017167381974249,0.7050692542860395,0.0669239602966931,0.1911973056273613,3.641247373556154,3.1744702819724284,1.1470409391559016,0.6622256616540745,0.0499994141800921,0.2549479885724975,0.8631237122620457,0.0080607561383928,0.0392074497767857,0.0734982561383928,147882.92957598102,0.6553638217926725,0.5936223513640206,1.1040079947912722,0.2061421157453105,-0.0299710751488095,0.108366225018982,0.6553638217926725,0.6499923843411977,1.7999789104833166,0.8999894552416583,0.1315423830542115,0.1961356703115556,13.387239456176758,0.0427161827683448,52.59202575683594,0.0321962423622608,0.0938519090414047,-15.151449203491213,inf,inf,False,False,0.0667246960101842,Batch_2,3806gxp0,full
0.1119038783482142,0.8173272879464286,0.0707688337053571,0.079686006931021,29018.53712434345,0.650341646174817,3.039599936764776,5.551876431204413,5.867435111245411,3.975821935274355,0.8399800598205384,0.901575376521218,1.5394748301858598,1.7303056074222023,0.0,0.9758161222931084,0.1769230769230769,0.7506942929742465,0.0703204739810586,0.1923314620255272,3.641373724756552,3.0992939449638794,1.1749042812391228,0.6492205074876548,0.0499994141800921,0.2499970709004606,0.884579936435538,0.0128624441964285,0.0480182756696428,0.0510231584821428,152458.92966097363,0.6360359061474683,0.5507838949960827,1.1547830499873128,0.1990510587497683,-0.0347887834821429,0.1317481954000281,0.6360359061474683,0.5999929701611055,1.7999789104833166,0.9999882836018426,0.129597300244148,0.2495265231119673,13.41176414489746,0.042144164443016,49.90814971923828,0.032358594238758,0.0933406949043273,-10.610708236694336,inf,inf,False,False,0.0618106609053179,Batch_2,3806gxp0,L
0.1271365792410714,0.8225757533482142,0.0502876674107142,0.0576122978861809,22768.390666792548,0.6909802030486385,2.137054228794077,5.593881601338744,6.737736114069533,4.197725799198566,0.754008545982802,0.9055644070582964,1.2929826162215283,1.828895239455922,0.0,1.1189131655593971,0.2254901960784313,0.6795512942124905,0.0609125167663778,0.1873772183146697,3.5659920635183058,3.312967161971381,1.0763741048964586,0.6599827708784627,0.0499994141800921,0.269255085619974,0.8499900410615662,0.0365814732142857,0.0334690290178571,0.0570860770089285,136610.34400075529,0.6662555363873469,0.6358528625946227,1.047814007895891,0.2988388612893784,-0.0253780691964286,0.0909776284301181,0.6662555363873469,0.6499923843411977,1.7999789104833166,0.8499900410615662,0.1518874092294628,0.3188638816802328,13.353447914123535,0.0432949289679527,55.1283073425293,0.0320396982133388,0.0948422700166702,-18.55210876464844,inf,inf,False,False,0.1238485046334143,Batch_2,3806gxp0,R
0.112709321197671,0.8426600703002215,0.0446306085021074,0.0502998730498895,17413.609933167947,0.8685467144331567,2.814110258043481,5.6538353393782215,7.043367434158925,3.1373578277804346,0.8005038178721935,0.9080462693055938,1.6876015103817086,1.7585804070957654,0.0,1.0507266270334314,0.1602564102564102,0.7015258543941882,0.082003671714247,0.1990362225629239,4.518032274159913,3.763619092674716,1.2004488666118052,0.5591916062652058,0.0499994141800921,0.2915441788545632,0.9486721828992686,0.0139768850907272,0.0424827012117802,0.0562497348951635,134062.47134445325,0.7221049986316549,0.6228510568812664,1.1593542158335122,0.1917681843075034,-0.0101599335619374,0.1041567246994227,0.7221049986316549,0.6999917985212898,1.6499806679430402,0.9499888694217504,0.1424631506381879,0.6343233418347153,13.275589942932127,0.0407121106982231,50.66181182861328,0.0304848998785018,0.0900662615895271,-8.834955215454102,inf,inf,False,False,0.0725719096046596,Batch_2,avn74qx1,full
0.1133330226046727,0.8532028961399686,0.0334640812553586,0.0377414317985121,17416.09830269255,0.74076570586518,2.413849536028824,5.07649552479392,6.598649903391744,2.890907102945304,0.7509343906257891,0.9191525924588588,1.6807557364054804,2.0326180537286875,0.0,0.972432825102584,0.1666666666666666,0.7440698248713605,0.098555266185324,0.2124115944153322,4.477895475048913,3.927752387134,1.140065623718287,0.5528350540896579,0.0499994141800921,0.2915441788545632,0.917867233310329,0.031916485067162,0.0369151230708773,0.0445014144666333,124592.08785772364,0.7202538974920331,0.6278251373389072,1.147220547021888,0.3777643390844189,0.018865788290702,0.1011517370774383,0.7202538974920331,0.6999917985212898,1.4499830112226717,0.8499900410615662,0.214963861709225,0.6507632267645902,13.253788948059082,0.0403547920286655,52.76382064819336,0.0300752632319927,0.0908018350601196,-9.90631103515625,inf,inf,False,False,0.1334512934362221,Batch_2,avn74qx1,L
0.1106941964285714,0.8336219308035714,0.0556838727678571,0.062614988617225,18527.219856311585,0.9743392579239952,2.9294330419792987,6.196801342750077,7.038111927087738,3.1786521600494417,0.7995087365034396,0.9091677237367788,1.623031718685854,1.6006938649386102,0.0,1.0919168332804512,0.1686746987951807,0.6786985255475467,0.0664982841455044,0.18417091792383,4.353294470210561,3.6359571557813175,1.1972898149497302,0.5616022684132289,0.0499994141800921,0.2915441788545632,0.9617579346126482,0.0211142578125,0.0379426618303571,0.0516372767857142,145315.90513805833,0.7179473592543917,0.6135339948915774,1.1701835028412173,0.256645087233469,-0.0406603422619048,0.0959386240551181,0.7179473592543917,0.6999917985212898,1.6999800821231323,0.9999882836018426,0.1847069169742038,0.5541582705613801,13.238662719726562,0.0410756282508373,48.027225494384766,0.0309001393616199,0.0897939056158065,-7.492268085479736,inf,inf,False,False,0.0735982839628158,Batch_2,avn74qx1,R
0.1078684733633713,0.8044418897429101,0.0876896368937185,0.0982922744859291,41345.09603668066,0.6938608464685725,2.729385904870461,5.59079963819514,6.347923109536439,3.5042715953084267,0.7730545145579512,0.9030050306862066,1.599792655439694,1.8604144127234363,0.0,1.0812950944213486,0.1794871794871795,0.7080229285847389,0.0782497651696013,0.2069489540978096,3.6069890917886784,3.0316621362589142,1.189772781290108,0.6201648347036407,0.0500007937133868,0.2549550228396868,0.9014021277375684,0.0,0.038801948051948,0.0690665253114232,157853.45640671157,0.661660858435904,0.5487241787659719,1.2058168457674234,0.1302416770792067,0.0067315257371019,0.100165385829109,0.661660858435904,0.6500103182740287,1.7500277799685389,1.1000174616945102,0.1404368151235283,0.2527490886223709,13.726635932922363,0.0479000993072986,40.17627334594727,0.0335513614118099,0.1024520695209503,-3.2876169681549072,inf,inf,False,False,0.0420786620727528,Batch_2,b3esycq1,full
0.113688576729393,0.7950041081367613,0.0913073151338457,0.103019449751544,34560.2597639946,0.684635807142245,3.3616953738855124,5.1379960965846365,6.344286516679945,3.7387985323728974,0.846495937996078,0.907183666934482,1.50044329503059,1.6763087152538556,0.0,1.1194001235759738,0.1840490797546012,0.7194598237441986,0.0730800283043276,0.214696870406121,3.600871666547893,3.1223046899841016,1.1532736308852127,0.6116019310778962,0.0500007937133868,0.2828472023955641,0.9192534077855834,0.0145197455605618,0.0292056718791412,0.0699631592896899,145661.95372922882,0.7057715114342735,0.5929034793215054,1.190364934680312,0.178565337432734,0.0075023330907468,0.0828876320064444,0.7057715114342735,0.6500103182740287,1.9000301611086996,1.150018255407897,0.1470598875198998,0.4690782632188047,13.660004615783691,0.0472635775804519,40.0195541381836,0.0333006344735622,0.1016631498932838,-1.3247874975204468,inf,inf,False,False,0.0796671849902202,Batch_2,b3esycq1,L
0.103652133580705,0.812260270341903,0.084087596077392,0.093811341810075,49190.06297697392,0.7114165159206828,2.324703326110653,5.277182311412209,5.817814431889086,2.840394592841061,0.7023092361538352,0.9022224872691702,1.6265195168333637,2.048467609392321,0.0,1.0367295273541537,0.1724137931034483,0.6840793763630261,0.0867277146571703,0.1994717529261678,3.4243347887919806,2.914553360157721,1.1749089365125478,0.6413850781553285,0.0500007937133868,0.2500039685669341,0.8602461822657071,0.006361250993904,0.0393347468857673,0.0579561357010336,176193.71695631606,0.6083906973969218,0.5058538235987806,1.2027006004791387,0.2056225086107859,0.0046246598873612,0.1057020061290854,0.6083906973969218,0.5500087308472551,1.6000253988283784,1.0000158742677363,0.1639665797554934,0.4200507155593879,13.773422241210938,0.048544842749834,40.24941635131836,0.0338078252971172,0.1034841984510421,-4.909143447875977,inf,inf,False,False,0.0613711534355546,Batch_2,b3esycq1,R
0.0943749667464751,0.8380986299547751,0.0675264032987496,0.0745633135340308,32775.45038949951,0.6072842040149048,2.604395758911593,5.029528341387439,6.6101557430337134,3.7007296836892953,0.8021599670704225,0.8963214392961623,1.5803733417379566,1.8440781778587827,0.0,0.9598994438558716,0.1753246753246753,0.6258378215915341,0.1065863726989648,0.2325927681641718,4.063691637019096,3.4940131332546485,1.163044179297001,0.5837333227390177,0.0499994078810279,0.2236041497134343,0.8062162271983139,0.0,0.0444133413141793,0.0499616254322958,191651.25373859936,0.5751946475083259,0.4980433515151975,1.154908796108634,0.2870633156230457,0.0440916637933539,0.1075538142623792,0.5751946475083259,0.5499934866913072,1.6499804600739216,0.9999881576205584,0.1013671283679919,0.4800599001401033,14.179126739501951,0.0472397357225418,46.23443603515625,0.0361694395542144,0.0990799143910408,10.56604290008545,inf,inf,False,False,0.0380924326754624,Batch_2,epqdaau9,full
0.0926848895982974,0.8178298749667464,0.0894852354349561,0.0986264137002387,39160.27838745395,0.6257010292690404,2.7076342100063484,5.257111946609369,6.593039077746724,3.834067914233542,0.789601754746727,0.900908950316028,1.4682597351344082,1.8021533828991276,0.0,1.024088034118428,0.1847826086956521,0.6829321849751565,0.1037214283323851,0.2332425638877251,3.7336212852572817,3.3439087757033747,1.1165440015545678,0.5944787207959941,0.0499994078810279,0.2236041497134343,0.756628337135101,0.0201735833998403,0.0348209630220803,0.0376903431763767,184947.1843407472,0.5634778814255161,0.4987379381662229,1.1298075367944362,0.2753513700284332,0.0343687926538312,0.0955903844783647,0.5634778814255161,0.5499934866913072,1.6499804600739216,1.0999869733826144,0.2200821350493732,0.5527926337031396,14.372275352478027,0.0472974404692649,45.342803955078125,0.0360177382826805,0.0990743860602378,18.03738784790039,inf,inf,False,False,0.077314313186616,Batch_2,epqdaau9,L
0.0959364192604416,0.8599936153232243,0.0440699654163341,0.0487465332695773,23623.863592431466,0.5964083105758597,2.5722966471773354,4.996385770441281,6.073554067392188,2.714932589494686,0.7552349255003673,0.9014970113338556,1.575779732964642,1.9591111279391231,0.0,0.8381423215372431,0.072072072072072,0.6050074807355905,0.1006478074415077,0.2217407264388858,4.282599911173893,3.6891764053483,1.160855280589264,0.5705734259646404,0.0499994078810279,0.2499970394051396,0.8558520029869916,0.0237697525937749,0.0297227986166533,0.0424438680500133,199632.28873604245,0.5846450007164391,0.4986321303917396,1.1724976492331638,0.3232709189923149,0.0541967129303032,0.0874817489476385,0.5846450007164391,0.5999928945723352,1.4999822364308375,0.8499899339774748,0.1500426995071153,0.6585359193383734,14.042938232421877,0.0471896864473819,47.042327880859375,0.0363278202712535,0.0995129719376564,1.8722193241119385,inf,inf,False,False,0.0667965337954939,Batch_2,epqdaau9,R
0.1012379912422096,0.8246554714053718,0.0741065373524185,0.0824540163361419,48094.60819862191,0.6660712596353122,2.03000433464046,4.8262101254286245,8.390433365752374,3.1494033636124468,0.6519054866357735,0.891097462860011,1.5028845734226512,2.2402086621073614,0.0,1.2358029321480308,0.3807531380753138,0.6899280147680222,0.0796133031103379,0.20852629307328,3.744420075801604,3.176364718411945,1.1788382027091853,0.5823835053876973,0.0500004126018299,0.2500020630091498,0.8000066016292795,0.0,0.0321590835914184,0.0690789076507911,147503.54732045965,0.6235174926470951,0.5472628853632576,1.139338166945529,0.1824782707087601,-0.0027524471973528,0.0874287704740785,0.6235174926470951,0.6000049512219596,1.5500127906567291,0.9500078394347694,0.0909540523232995,0.317455572071847,13.612262725830078,0.0470402650535106,33.73834228515625,0.0338831841945648,0.0972490459680557,-2.856335401535034,inf,inf,False,False,0.0360578162435343,Batch_2,i9jiqjwl,full
0.0935356530437267,0.8386629077120626,0.0678014392442106,0.0747976900270532,52931.755045199214,0.5977530796390605,1.788049640365001,4.584927839152329,5.14593397398203,3.006556432585052,0.6480839233531949,0.8949733147098997,1.536925639672654,2.477446001079697,0.0,1.0808347106005485,0.2813688212927757,0.6662570002941939,0.0936280991056837,0.2126935764994809,3.818206245427854,3.371495113837686,1.1324964493517204,0.531665545109301,0.0500004126018299,0.2500020630091498,0.7905759388498421,0.0071831388444988,0.0280668722250622,0.0582856419741656,146317.0567219005,0.6133402092399375,0.5485961282492258,1.118017750503151,0.1326018636192191,-0.0111996284652758,0.0746031947159097,0.6133402092399375,0.6000049512219596,1.450011965453069,0.9000074268329394,0.1427058372080458,0.4965064753184574,13.705479621887209,0.0460628010332584,33.323909759521484,0.0334573686122894,0.096181996166706,-0.19189453125,inf,inf,False,False,0.0767957309405943,Batch_2,i9jiqjwl,L
0.109986921529175,0.8083118712273641,0.0817012072434607,0.0917977603023942,46075.69831267987,0.8509799895558154,2.2625168071826707,4.625429419702093,8.386591277113643,3.0553393721832576,0.661328379551133,0.8920168131365678,1.4252328668569645,2.0712444856275565,0.0,1.348150396936665,0.4716157205240174,0.6759951969235395,0.0713512109756565,0.2110958281613595,3.4592755266520148,2.9439712377173906,1.175037134307795,0.6441881867529291,0.0500004126018299,0.2500020630091498,0.8000066016292795,0.006184481891348,0.0327750251509054,0.0710274144869215,152311.36953143522,0.6299867590780529,0.5441500244899848,1.1577446121931545,0.2972564985169915,0.0057126089872568,0.0961460878866902,0.6299867590780529,0.6000049512219596,1.600013203258559,0.9500078394347694,0.1094707559336045,0.27597970587008,13.469072341918944,0.0480265021324157,34.02179336547852,0.0343154817819595,0.0986190885305404,-5.352308750152588,inf,inf,False,False,0.0562292480357093,Batch_2,i9jiqjwl,R
0.1245614010989011,0.8218241071428571,0.0536144917582417,0.0612430064490436,43955.25759631787,0.5896926851775983,1.739513677809831,5.231752944907342,6.897149553621025,2.6450557665864918,0.6458165945611867,0.8900154428418965,1.456047251413193,2.5692497828886967,0.0,0.8947219393879752,0.165,0.6871011862121148,0.1040869466772331,0.230899088052164,3.6578991554451448,2.943342852673384,1.2427703256257563,0.6545953279293971,0.050000447248095,0.2915502026243924,1.0000089449619014,0.0210543269230769,0.0473949862637362,0.0561120879120879,154502.7304510573,0.7230227327013768,0.5880086055804555,1.2296125019933024,0.1982563864124931,0.032611172161172,0.1289851099693692,0.7230227327013768,0.700006261473331,1.450012970194757,0.9500084977138064,0.0945043377573037,0.3574913947739363,13.785239219665527,0.0460765995085239,52.788822174072266,0.0333131402730941,0.1039125919342041,3.2025790214538574,inf,inf,False,False,0.0685675121608015,Batch_2,r17byphk,full
0.1248244505494505,0.8158053571428572,0.0593701923076923,0.0678380381455651,78460.13480942739,0.5767493232614738,1.355952165569937,3.3282322117691305,5.719066506948328,1.659395552677713,0.4670513818515739,0.8570952741015078,1.7135207417533391,3.6845627411826793,0.0,0.8022562665225927,0.1708683473389355,0.7120057978366761,0.1187389287511286,0.2352889378592813,3.2411679353264926,2.6147841490086403,1.2395546823837589,0.6472680310151685,0.050000447248095,0.2915502026243924,0.9823529222502886,0.0342826923076923,0.0487708791208791,0.0417708791208791,144173.2449159226,0.7491592155677402,0.5959042391168745,1.2571805441055235,0.1904953889310869,-0.0105025641025641,0.1269329305238383,0.7491592155677402,0.750006708721426,1.0500093922099965,0.9000080504657112,0.1103589798258657,0.5391685022091076,13.663877487182615,0.0458676367998123,53.66666412353516,0.0331229157745838,0.1037936061620712,-0.1293234378099441,inf,inf,False,False,0.0986209203694859,Batch_2,r17byphk,L
0.1206870879120879,0.8227081043956044,0.0566048076923076,0.0643739070746733,25713.825693845956,0.6961576485898527,2.4346797459955414,6.302600452775764,6.884157134380612,3.9870246501704023,0.7404201967085403,0.9145213304228526,1.351772733487281,1.754001254726595,0.0,0.9795405765010968,0.1709401709401709,0.6575249264218377,0.0930496264674493,0.2327977653161951,3.8031600506683154,3.202665376657375,1.1874984125371466,0.6467259364683438,0.050000447248095,0.2915502026243924,1.0124318926495306,0.0436718406593406,0.0324082417582417,0.0446070054945055,163733.33454628405,0.6944873680452578,0.5788858970202249,1.1996964714809664,0.3424777805799874,0.0754238095238094,0.0979276954690663,0.6944873680452578,0.700006261473331,1.8000161009314224,0.9500084977138064,0.1697024847856953,0.2174420317059698,13.736621856689451,0.0462915003299713,50.69639205932617,0.0335092283785343,0.1043149605393409,6.287251949310303,inf,inf,False,False,0.1410547665495867,Batch_2,r17byphk,R
0.0995985078751036,0.8424616606797458,0.0579398314451505,0.0643488843053956,29844.404118225422,0.6348496289441088,2.42227925161978,5.553264228261732,6.708721104746868,3.774523378560929,0.7638484243620939,0.8923686744120348,1.690645857835943,1.9827355442143424,0.0,1.0275386851744737,0.1962962962962963,0.6669628570327174,0.0530950056071259,0.168225145738144,4.239232711371822,3.5608584325493027,1.1905086348341165,0.5609538355200127,0.0499984032006032,0.2499920160030164,0.873184572926068,0.0056234457032329,0.0507812931749102,0.0431937689969604,136289.44547322945,0.6431983453530767,0.5454862412509188,1.1791284485527678,0.092438095180724,-0.0079205796921744,0.1339777520470483,0.6431983453530767,0.5999808384072396,1.6499473056199088,0.8999712576108593,0.1101494958607662,0.4908078096162975,13.300626754760742,0.0474842078983783,59.077392578125,0.0333471149206161,0.1083878055214881,8.745744705200195,inf,inf,False,False,0.0564611440794347,Batch_2,rxax5ozo,full
0.0923634982039237,0.8393763470571981,0.0682601547388781,0.0752064891658737,29402.26479795542,0.5937218899749934,3.0472207018837136,5.901472407147699,6.704865159607547,4.134144216293982,0.8257204561231158,0.8899465043064121,1.6952750966543493,1.7826555660696428,0.0,1.039141101862549,0.2105263157894736,0.742675357611685,0.0579101570296097,0.1996743147802539,4.111762937833186,3.5588326123598715,1.1553684552493366,0.5529222705843676,0.0499984032006032,0.2499920160030164,0.790544167426795,0.005583862945565,0.0436058303398728,0.0431738049184857,137063.18928370194,0.6083739670286796,0.5200597849217344,1.169815441738561,0.1248759443670672,-0.0154530839572367,0.119992779310942,0.6083739670286796,0.5499824352066363,1.7999425152217186,0.9499696608114626,0.2375575600211401,0.5189642316381566,13.13588047027588,0.0471094883978366,58.929012298583984,0.0333108864724636,0.1077688932418823,9.609827041625977,inf,inf,False,False,0.044562149322316,Batch_2,rxax5ozo,L
0.1059226305609284,0.8459237358386295,0.0481536336004421,0.0538584637598565,30507.613098630434,0.6426345500937886,2.2616109483223643,4.675418298056888,5.086234298695209,2.7282221461728264,0.7063290920754739,0.8946630391213706,1.6409587394325844,2.3174520439911253,0.0,1.0099540411775767,0.1739130434782608,0.6181840580796293,0.0499759730898606,0.1328022583252708,4.148777892381432,3.565787903869928,1.163495419309373,0.5651062846928566,0.0499984032006032,0.26924964132881,0.9499696608114626,0.0313361425808234,0.0360911854103343,0.0384953025697706,135736.77132289193,0.6755997001128015,0.5684061773035992,1.1885861327505378,0.1682265506860164,-0.0002080876557621,0.103755731336755,0.6755997001128015,0.6499792416078428,1.3999552896168923,0.849972854410256,0.1485475233502029,0.3462855040085978,13.450719833374023,0.0478658713400363,59.17734909057617,0.0333895161747932,0.1094492897391319,7.599308967590332,inf,inf,False,False,0.1052580778120386,Batch_2,rxax5ozo,R
0.1511283385889365,0.7835635361603915,0.0653081252506718,0.0769352167347787,53794.52457802635,0.6083185567607945,1.925035712402836,4.322385219422348,6.306770955589332,2.600549849575987,0.6664318564580904,0.8776287524806672,1.549994660447303,2.671364458307849,0.0,0.9713549313874306,0.2834821428571428,0.6732792837221919,0.0714498075297655,0.1734287445212875,3.287377634058443,2.7563995265445147,1.1926346679429214,0.6681353034423164,0.0707122282197836,0.3640134740979778,1.4089311659067252,0.0574664489974326,0.0512764301204906,0.0423854594710133,138448.8545501437,0.8822761755159167,0.7358749718607585,1.1989484752891693,0.2775479698455995,0.0686193954575256,0.1238051686596015,0.8822761755159167,0.950020825653375,1.3500295943495328,1.0500230178274144,0.0974180594798115,0.3234912095842231,13.208227157592772,0.0420406349003315,61.80165100097656,0.0286214407533407,0.0968986451625824,14.313467979431152,inf,inf,False,False,0.1270033764338918,Batch_3,0grcilhi,full
0.1514065543336511,0.7658197960521734,0.0827736496141754,0.097542174096311,64361.30619156725,0.6010799635811589,1.847086938245844,4.766698771408382,6.305130358408573,2.8094351783959213,0.6888792264000307,0.8834825675807697,1.5567849180406608,2.5481616847079027,0.0,0.993492670793161,0.2798507462686567,0.6870892077731701,0.0760711079000343,0.1728377903729964,3.012136237160672,2.573167663885532,1.170594625230246,0.6853130807201805,0.0707122282197836,0.380797002843242,1.480741749220729,0.0808715455316164,0.0358828512828395,0.0346521575191951,148655.4049723139,0.8819836948540762,0.738611616286912,1.1941102406267488,0.51169178813483,0.1105617011022757,0.0904200111546082,0.8819836948540762,0.950020825653375,1.4000306904365525,1.0500230178274144,0.1943314032921677,0.443117737599902,13.460923194885254,0.042787067592144,64.82766723632812,0.0292271878570318,0.0985805615782737,11.145483016967772,inf,inf,False,False,0.2501246672648051,Batch_3,0grcilhi,L
0.1475994942132326,0.8006136507189329,0.0517868550678345,0.0607541346072233,53554.37045044588,0.5663137566457878,1.8614113640282428,3.956693489416779,4.33674629230666,2.262564175951062,0.627360440673821,0.8559384618619177,1.5392386965147502,3.1328613256628124,0.0,0.954266982339054,0.3183856502242152,0.6357537151459902,0.0593550607519679,0.1662883432636556,3.430060915096497,2.9151993383606185,1.176612820248997,0.6361820616676122,0.0707122282197836,0.3640134740979778,1.346320714829847,0.0591063232952512,0.0465950955975416,0.0418980753204396,124159.68395910546,0.8774212614476482,0.7355070878183404,1.1929473909629522,0.14152268799154,0.0263546687609024,0.1144779782659306,0.8774212614476482,0.9000197295663552,1.2000263060884735,1.0000219217403947,0.0820535180589069,0.3036498384779829,12.905498504638672,0.0412995368242263,58.22172927856445,0.0280204955488443,0.0959132239222526,16.736536026000977,inf,inf,False,False,0.1167582948413642,Batch_3,0grcilhi,R
0.0943976364953093,0.8329558792109812,0.0726464842937094,0.0802189649909556,47724.594386460914,0.6157807501919508,2.151145509469795,4.5298094646086655,6.661120407801213,2.9414543536625515,0.6974179170429002,0.8962927349961186,1.5759286434087474,2.2393292060225005,0.0,0.9827876227371682,0.1604651162790697,0.6871351937864979,0.0799392821784712,0.1706427981896351,3.64541815591785,3.186833615236669,1.1438997437734522,0.5911260674907272,0.0500002897654588,0.2500014488272939,0.7826283276717703,0.0,0.0412502740033907,0.0531473624919186,167923.97978305898,0.57204772262645,0.5052847491465949,1.13212940543449,0.1009744164689641,0.0036949351191431,0.1195951969967327,0.57204772262645,0.5500031874200467,1.5500089827292227,0.9000052157782583,0.0277277691773627,0.3912486426519667,9.763628959655762,0.0285363253206014,39.3259162902832,0.0252519790083169,0.1145813837647438,16.063873291015625,inf,inf,False,False,0.0487799680340969,Batch_3,71vgq3fw,full
0.096989847307275,0.818190911689054,0.0848192410036709,0.093929443374191,50388.292677798265,0.6186857640696728,2.091617332556715,5.075628092221289,6.652453413295711,3.456448949067196,0.737428358697135,0.904119150050485,1.5812522741453685,2.0085581963919528,0.0,1.03355675104199,0.1674008810572687,0.6943953743414065,0.0803396509454028,0.1617940583242289,3.3746310240717565,2.9951169999938045,1.1267109178301673,0.6291270441015957,0.0500002897654588,0.2236080936205058,0.756641682468151,0.0054774318321184,0.0410228165051318,0.0504895989700247,178023.83580437978,0.5637911705510154,0.4925883229638814,1.1445483870967743,0.1479232951099842,-0.006657142247303,0.1231579141083239,0.5637911705510154,0.5500031874200467,1.8000104315565166,0.9500055055437172,0.0901377281048121,0.5685283328291432,9.855769157409668,0.0293483473360538,40.39338684082031,0.0255846660584211,0.1172907724976539,14.006202697753906,inf,inf,False,False,0.0564742803931357,Batch_3,71vgq3fw,L
0.0925200542734817,0.8467333246392172,0.0607466210873009,0.0669399047035335,49944.34296257538,0.57950049375393,2.1103193649450644,3.9469893648784966,4.210236007801216,2.340280902762115,0.6217144618895986,0.885918155669362,1.5171065321834445,2.6294276006535275,0.0,0.9118480844081562,0.2311111111111111,0.7034157760559808,0.0795393815627229,0.1776375524501824,3.743491235032967,3.356673689913514,1.1152383522657572,0.5587984268798701,0.0500002897654588,0.2500014488272939,0.8062304471574857,0.0142460952782625,0.0284090877560024,0.0498648712392167,160709.79691068697,0.5769282171516955,0.5201407549761239,1.109177105682054,0.2430365151276622,0.0135376574895218,0.0955607300024935,0.5769282171516955,0.5500031874200467,1.25000724413647,0.8500049260127995,0.0754035242018606,0.3350242490941177,9.662426948547363,0.0277275275439023,38.22104644775391,0.0249233823269605,0.1120748370885849,17.504478454589844,inf,inf,False,False,0.0990749446301353,Batch_3,71vgq3fw,R
0.1498730158730158,0.7890221674876847,0.0611048166392994,0.0718772816064054,22440.651473175465,0.9739532698872178,3.087660737700745,5.604284346955338,7.755540233030255,3.455998620023717,0.7826029405661044,0.9086415030490518,1.4965567867822902,1.6745803499090102,0.0,0.8617832415297195,0.1268292682926829,0.6374258203077355,0.1443707504275643,0.3175434548696839,3.2574310979572463,2.825729131823641,1.152775423968184,0.7545541751787384,0.0707114798866156,0.3000034016133726,1.0500119056468042,0.0261650930487137,0.0662202380952381,0.057487684729064,143072.8364655626,0.7421229496794722,0.6465287875408414,1.1478575493942598,0.2168188809529019,0.0769435322021527,0.1639417645380534,0.7421229496794722,0.7000079370978695,1.6500187088735494,1.000011338711242,0.1438311780070982,0.1956076058959055,10.008472442626951,0.0366240851581096,39.63109970092773,0.0283244475722312,0.111904039978981,4.3478684425354,inf,inf,False,False,0.0811341840200425,Batch_3,9luzk4jm,full
0.1402814723590585,0.7956320470717022,0.0640864805692391,0.0745435610711936,28023.447693331316,0.874441143601892,2.4923930009242063,5.596586941078862,7.747994758012156,3.180787002238552,0.7289377289377289,0.906616733270846,1.6675921739230557,1.800267746426495,0.0,0.8529698171685687,0.1015625,0.6307993363917425,0.1597418313836224,0.3337820540254526,3.133444487453603,2.711653761961313,1.155547412213576,0.771589187978688,0.0500005669355621,0.2549538664951333,0.8732223609325839,0.0402564313081554,0.0513661740558292,0.0486588669950738,160040.1583111343,0.6811884546086212,0.5840066445939337,1.166405315614618,0.1768917395498658,0.0362073526728698,0.1389639415693728,0.6811884546086212,0.6500073701623074,1.6500187088735494,0.95001077177568,0.1181493806811305,0.3314882806536677,10.053346633911133,0.037591703236103,39.57236099243164,0.0294633992016315,0.1128080636262893,5.123845100402832,inf,inf,False,False,0.0661446755048152,Batch_3,9luzk4jm,L
0.1521027640941434,0.7898897099069512,0.0580075259989053,0.0684133920273163,18390.387548748677,1.048191664898654,3.6323416908849007,5.5141801798593,5.774264033530108,3.7096859249053793,0.8202866879377726,0.9127666868945497,1.4681965105725725,1.5563287576026017,0.0,0.9015073893146328,0.1547619047619047,0.6332428844647384,0.1091328786787323,0.2818525712126863,3.355916710967483,3.0273014268996805,1.1085505662395647,0.7213413057364142,0.0707114798866156,0.3201598420304812,1.2000136064534903,0.0603308702791461,0.0424226874657909,0.0493492063492063,138803.63935603166,0.777545889575573,0.6938525902831635,1.1206211527700056,0.3001441215155927,0.1151351030833789,0.1138684406793978,0.777545889575573,0.8000090709689937,1.7000192758091115,1.0500119056468042,0.1225140536001381,0.344237824166166,10.03996467590332,0.0356603190302848,39.51377868652344,0.0271891001611948,0.11329897493124,3.398831367492676,inf,inf,False,False,0.1509049836851939,Batch_3,9luzk4jm,R
0.1078044642857142,0.8217620879120878,0.0704334478021978,0.0789439590120895,35933.42308498985,0.6567477536426884,2.3560090055420573,5.488577095717122,6.737580053000944,3.763965970191049,0.760930570359995,0.8879840583896641,1.53265107148845,1.9643284448784797,0.0,1.0750769948183585,0.2477064220183486,0.6747704851124932,0.0855896604537434,0.216599311250318,3.750254831678727,3.092712658624747,1.2126101728915135,0.6305309915394266,0.050000447248095,0.2500022362404753,0.9000080504657112,0.0,0.0389568681318681,0.0688475961538461,163623.44640229325,0.6379434257979679,0.5362867764675641,1.1895565092989988,0.2311765064739325,0.0478092032967032,0.1098946213924028,0.6379434257979679,0.6000053669771408,1.7000152064352323,1.0000089449619014,0.0623343753640617,0.1793278422262721,13.68904972076416,0.0458661429584026,50.90650939941406,0.0343491062521934,0.103978656232357,1.4126925468444824,inf,inf,False,False,0.0455864523745359,Batch_3,cfe5vt7s,full
0.1113523351648351,0.8133530219780221,0.0752946428571428,0.0847294668479315,30768.680317422502,0.7434202288662264,3.3093168317467883,5.417445433948061,6.589312635100689,3.6496608799722408,0.8169223165910089,0.9001728180092584,1.4296960405072896,1.7623213279171852,0.0,0.9715085201243538,0.1428571428571428,0.6936192560940793,0.0907810774555507,0.2455989813994685,3.5627334326100244,2.993863365859976,1.1900120336943445,0.6644258198388293,0.050000447248095,0.2500022362404753,0.873220270680834,0.0228006868131868,0.0306067307692307,0.0579449175824175,167469.53144197108,0.631742714454988,0.5269313403113807,1.19890897755611,0.2475982601339973,0.06441163003663,0.0990320811947737,0.631742714454988,0.6000053669771408,1.8000161009314224,1.0000089449619014,0.0866018625287353,0.321589969992373,13.461091995239258,0.0458163172006607,47.34632110595703,0.0343699976801872,0.1037352979183197,2.5519232749938965,inf,inf,False,False,0.0896693373794941,Batch_3,cfe5vt7s,L
0.1060697802197802,0.8263681318681318,0.0675620879120879,0.075578704486239,46372.79676411535,0.5930756416575378,1.8575631605191083,4.846494333084217,6.750913514015663,3.1257862274420343,0.6738555637615933,0.8732529327621691,1.5294846871007148,2.327982212068397,0.0,1.187007057194796,0.3412322274881517,0.6564128237370588,0.0792523001794867,0.1856253230139031,3.650050850948307,3.090396887281423,1.181094527363184,0.6118004570289226,0.050000447248095,0.2549532562064034,0.9394231144316,0.0062190934065934,0.0381641483516483,0.0616865384615384,166590.4262900447,0.6387688663823049,0.5445201444110799,1.1730858315134671,0.3192907788846005,0.031124542124542,0.109751765527386,0.6387688663823049,0.6500058142252358,1.5500138646909472,0.9500084977138064,0.0914738568034597,0.2514175104387327,13.794270515441896,0.0459222346544265,53.82130813598633,0.0343336015939712,0.1042509153485298,0.2106626629829406,inf,inf,False,False,0.0585297880826948,Batch_3,cfe5vt7s,R
0.1046382803121248,0.84631212484994,0.0490495948379351,0.0547818761506064,31811.33035529736,0.6852208893279993,2.1044022650855685,4.313840011387866,6.666004870636025,2.670996374665997,0.6188817338340158,0.8967302372356647,1.5847487846039097,2.3810691545392486,0.0,0.9067742235264544,0.1622641509433962,0.6139300122690952,0.0921921435625611,0.1962580536842326,4.1805879820007705,3.3545159309805506,1.2462567082752691,0.5871224724841473,0.0500010960870197,0.2500054804350987,0.8276654113308869,0.0084981992797118,0.0478404111644657,0.0482996698679471,160977.33587341043,0.6607834608526805,0.5385329581868571,1.2270065384250923,0.0782512794507368,-0.0049432272909164,0.124231970496545,0.6607834608526805,0.6000131530442367,1.300028498262513,0.8000175373923157,0.0717206591289585,0.2922016482917122,12.734549522399902,0.041940439492464,64.0503921508789,0.0297330226749181,0.0928754955530166,4.707293510437012,inf,inf,False,False,0.0811755755514588,Batch_3,hawkfj64,full
0.1026364045618247,0.8484477791116446,0.0489158163265306,0.0545105869852514,24968.893260006986,0.7993967182296928,2.3240445876473723,4.513726369845757,6.656626685288824,3.210972517277383,0.702449027275634,0.9065918880188768,1.6833596291430608,2.013532189833904,0.0,0.8661275406271137,0.1538461538461538,0.7045660673113503,0.122881814443699,0.2401572687977728,4.366027263055821,3.605798139602449,1.2108351865579443,0.559975103342996,0.0500010960870197,0.2549565646487414,0.9000197295663552,0.0122635054021608,0.0506508103241296,0.0397220888355342,153174.55672965824,0.6686060545365161,0.5588835091113675,1.1963245356793744,0.1941926361076165,-0.0066997799119648,0.1286286328175364,0.6686060545365161,0.6500142491312565,1.4500317865235723,0.9000197295663552,0.1255882421954558,0.5038888521861733,12.54530429840088,0.0408712849020957,63.28763198852539,0.0293793156743049,0.0914093032479286,6.561677932739258,inf,inf,False,False,0.0687911294225323,Batch_3,hawkfj64,L
0.108406512605042,0.8386416566626651,0.0529518307322929,0.05939010488626,48257.18793520581,0.6295341003289039,1.8646426375809624,4.087252773690327,4.980021138701852,2.0662435675013766,0.515093912260632,0.8783288489571013,1.4721584811663873,2.9670520470510726,0.0,0.9264063853287048,0.1890547263681592,0.6519592009893975,0.0704447108406165,0.1646026598933722,3.616055354826676,2.9935459325352003,1.2079505163177102,0.6263349713508645,0.0500010960870197,0.2500054804350987,0.7778345104176195,0.022453781512605,0.0395342136854741,0.0464185174069627,171661.141162548,0.6510316818592907,0.5228532819425192,1.2451517554610338,0.2241634610525836,-0.0034974989995998,0.1142952135376355,0.6510316818592907,0.6000131530442367,1.150025210001454,0.7000153452182762,0.0932586724028255,0.5799183340683818,12.768588066101074,0.04301418364048,64.43170166015625,0.030091468244791,0.0945194587111473,2.5667166709899902,inf,inf,False,False,0.092241227760544,Batch_3,hawkfj64,R
0.1638125342090859,0.7861031061850028,0.0500843596059113,0.0598960898780498,21017.585769998484,0.9356035224797444,2.695171961155567,5.13982214676328,7.163845001172297,2.794503102124024,0.7543688072089423,0.917712644340982,1.5882508393589336,1.7954308302140285,0.0,0.9056609775294492,0.1145833333333333,0.6108540383847029,0.109315036943603,0.2375114166991109,3.548254341422437,2.941129186049372,1.2064258714825704,0.7266052410629363,0.0707114798866156,0.380792972945802,1.8062596672434177,0.0696546250684181,0.0309397920087575,0.0632181171319102,143510.7028357709,0.8748195592472222,0.7261385452715865,1.2047557107990003,0.2746367746690668,0.0062958401751504,0.0953081694650237,0.8748195592472222,0.95001077177568,1.6000181419379873,1.1000124725823663,0.1004750864442539,0.3395473938169293,10.236157417297363,0.0354209542274475,40.30633163452149,0.0268997699022293,0.1141193136572837,11.781116485595703,inf,inf,False,False,0.2052922710923182,Batch_3,hzumfsms,full
0.1712245484400656,0.7769177613574165,0.0518576902025177,0.0625714602247332,22112.25169551924,0.8982949740173036,2.669666640915477,5.386889924131118,7.164289325740186,2.884645564321929,0.7341627163837982,0.922799164417268,1.560768042624717,1.7571858149741268,0.0,0.9835843430752488,0.1485148514851485,0.6021869779022719,0.0969735267762336,0.2188702980317232,3.525958453177235,3.0608640498890747,1.1519487294135182,0.7003511469764072,0.0707114798866156,0.430121140316242,2.298395047454511,0.0755691023535851,0.0311539408866995,0.064501505199781,137927.90661561507,0.9485757514110688,0.802335976039642,1.1822675035628734,0.3864034421250396,0.1051858237547892,0.0960689709096707,0.9485757514110688,1.1000124725823663,1.7000192758091115,1.2000136064534903,0.0969412691051969,0.5989815276178315,10.359692573547363,0.0357263162732124,39.92903900146485,0.0265246536582708,0.1161000654101371,6.988061904907227,inf,inf,False,False,0.252009695446928,Batch_3,hzumfsms,L
0.157687465790914,0.7940239463601533,0.0482885878489326,0.0573285875346431,19922.91984447773,0.9981645844372944,2.7398381559754337,4.957444504947193,5.115005242010333,2.7071750953179405,0.7906076580395804,0.9121319291476724,1.7418424696303678,1.8471415317985984,0.0,0.8302402760513893,0.0769230769230769,0.6110313135760264,0.1241220527045769,0.2599086720880974,3.38869002303543,2.814539702503671,1.203994393833217,0.7573525636567762,0.0707114798866156,0.3201598420304812,1.277707721312699,0.0774555281882868,0.0330348932676518,0.0471970443349753,145152.70172405205,0.800072944613889,0.6597619864566269,1.2126690549584829,0.4273275391052366,-0.0978768472906404,0.1000590734503014,0.800072944613889,0.8000090709689937,1.450016441131301,1.000011338711242,0.0956048640651537,0.5202588761757811,10.115702629089355,0.035120278596878,40.48698425292969,0.0272790733724832,0.1123470216989517,15.580530166625977,inf,inf,False,False,0.3412051580207917,Batch_3,hzumfsms,R
0.0940141470180305,0.8170125520110958,0.0889733009708737,0.0982060599269031,95089.05042179422,0.5684085495811381,1.487844591786727,4.181166237920913,6.09876555617591,2.3844550249186502,0.5629845569540789,0.8675060969818349,1.6759984022403638,3.1766349693692155,0.0,0.9065070608781836,0.1936989498249708,0.7350997299236461,0.0717611729312733,0.1586705658823497,3.0097868556795224,2.552869207186562,1.1789820047210782,0.6301871388694259,0.0500002897654588,0.2236080936205058,0.7158952019738071,0.0,0.0423423717059639,0.0516717753120665,179082.5290324106,0.5589652078899318,0.4748482860272942,1.1771448362304977,0.1103034806579757,0.0241021874771082,0.1265790167822032,0.5589652078899318,0.5000028976545879,1.1500066646055522,0.750004346481882,0.1156772150870817,0.21325483161588,9.709256172180176,0.0300090014934539,40.25262451171875,0.0261262245476245,0.1181599348783493,4.996310234069824,inf,inf,False,False,0.0389744217679046,Batch_3,kbdh4tri,full
0.0925629680998613,0.8202314840499306,0.087205547850208,0.0961009356953428,84770.16863739882,0.5732876824160655,1.6650193492474827,4.264539237893279,6.091323496593399,2.449109961785372,0.602635228848821,0.8793006300644592,1.6368671326683069,2.9300294972328214,0.0,0.9105583566232174,0.1701570680628272,0.7108474222471793,0.0744967607935307,0.1589090377361892,3.1123840982144717,2.622666556995051,1.186725048944277,0.6312920296202215,0.0500002897654588,0.2121332637266894,0.6726851007492299,0.0,0.0369604715672676,0.0556024965325936,187071.34073645863,0.5460504562818218,0.4601751852522565,1.1866143020782196,0.1643017905077443,0.0406550890316612,0.1181796202443238,0.5460504562818218,0.5000028976545879,1.2000069543710112,0.750004346481882,0.1986644127753127,0.3472550139909553,9.639168739318848,0.029195949435234,39.89112854003906,0.0258408896625041,0.1182150319218635,-0.4858214259147644,inf,inf,False,False,0.0497932958633699,Batch_3,kbdh4tri,L
0.0981435506241331,0.8107228848821082,0.0911335644937586,0.1010510758744676,111399.54098422568,0.5462768955430386,1.3909634600188985,3.769062404275374,5.688633744558421,2.0944044518467217,0.5284727036262247,0.8573688747247714,1.6958832852657018,3.4651685298090427,0.0,0.8923180747864724,0.199203187250996,0.7051346827244519,0.0744868769691137,0.1601142447164393,2.764645784644836,2.4273885732161182,1.1389382874872298,0.6485912178373661,0.0500002897654588,0.2236080936205058,0.7810294938718267,0.0078033287101248,0.0418994452149792,0.0484407766990291,177972.97185129282,0.5679855365437797,0.4900137809869969,1.1591215565401656,0.1618836087979786,0.0067687176912811,0.1260908087932115,0.5679855365437797,0.5500031874200467,1.1000063748400934,0.750004346481882,0.2291707083970066,0.2361034488069923,9.741429328918455,0.0308255366981029,40.53059005737305,0.0264160055667161,0.1180409416556358,9.519576072692873,inf,inf,False,False,0.0764624831299506,Batch_3,kbdh4tri,R
0.1079670618247299,0.8218194027611044,0.0702135354141656,0.0787118192718236,26289.36357664197,0.836371115668714,2.880719208068132,6.375676474588429,8.701569105824381,4.096918788657037,0.7878994544037412,0.9061041216222796,1.4515930665767445,1.5453653845904314,0.0,1.1136601280324596,0.1187214611872146,0.6758296016840767,0.0922755891347364,0.2257184659485869,4.011664632802588,3.233700524729041,1.240580134778787,0.6165509996057439,0.0500010960870197,0.2500054804350987,0.8558809004187968,0.0,0.0403239045618247,0.0676431572629051,150653.65885244598,0.6642677651757828,0.5501921425725304,1.2073377894309243,0.186248841402869,-0.0100901860744298,0.1067353552532824,0.6642677651757828,0.6000131530442367,2.000043843480789,1.0500230178274144,0.1354617695608864,0.6305148109911364,12.843369483947754,0.0425479225814342,63.63916778564453,0.0307886395603418,0.0941709503531456,-2.080427646636963,inf,inf,False,False,0.0448767707794035,Batch_3,mgxahqnk,full
0.0980961884753901,0.8590486194477791,0.0428551920768307,0.0475163665229297,25449.064284237887,0.6606820357970065,2.301264102078222,4.9988427835010665,5.771981749748824,3.311977298872236,0.7008953631974851,0.8994056022933393,1.4541283461840395,2.000349098232037,0.0,0.9252107771455348,0.1226415094339622,0.659208702882679,0.0857702663858694,0.2140104081535809,4.691095656517124,3.755954268066682,1.2489757120849587,0.5271357183605949,0.0500010960870197,0.2549565646487414,0.9178981090172476,0.0201554621848739,0.0387301920768307,0.0392105342136854,138769.42600273114,0.682815260629495,0.5511848930277887,1.2388134531021515,0.2218300671796136,0.0257620048019207,0.1004539803469104,0.682815260629495,0.6500142491312565,1.650036170871651,0.9000197295663552,0.1359789566318628,0.3808378680425103,12.552746772766112,0.0411480292677879,60.57601165771485,0.0304237622767686,0.0925151035189628,-4.983602523803711,inf,inf,False,False,0.0980124305314411,Batch_3,mgxahqnk,L
0.1168865546218487,0.7858134753901561,0.0972999699879952,0.1101783360871955,29530.51799020057,0.901841126082418,3.117044169469948,6.883008318077951,8.697955848624012,4.559934714459936,0.8270180888446977,0.9093339834621396,1.404117480130877,1.352279786699433,0.0,1.1813014279589469,0.1788617886178861,0.681015644737382,0.0948268878699998,0.2308004752667681,3.3289952174860638,2.817955507395218,1.1813512345208126,0.710887795182982,0.0500010960870197,0.2500054804350987,0.8062434487019903,0.0051344537815126,0.0364968487394957,0.0752552521008403,164458.57579908447,0.6409626386882769,0.5467997666262489,1.172207227963926,0.2492326170277484,-0.0460498199279712,0.1072125356690077,0.6409626386882769,0.6000131530442367,2.1500471317418484,1.1000241139144342,0.1682583951969672,0.5802519785176656,13.168883323669434,0.0439528860151767,66.3310775756836,0.03115857206285,0.0964452400803566,1.2685670852661133,inf,inf,False,False,0.0439268126100866,Batch_3,mgxahqnk,R
0.1167591172032193,0.8227634557344065,0.0604774270623742,0.0684721781343189,33500.45314000524,0.7506116153636155,2.422046356573385,5.302578144779689,6.883111911952804,2.8390787224411644,0.6906130258195835,0.8963822111019795,1.6747837996730977,2.1421628729387883,0.0,1.037270287754843,0.2342342342342342,0.731748723402877,0.0846483774378894,0.1890453761366447,3.716792018348257,3.2039866946281346,1.1600522638186672,0.6282971072427451,0.0500004126018299,0.2692604622855793,1.0000082520365994,0.0130811745472837,0.0538978873239436,0.0497800553319919,155027.62248873294,0.6680838142960248,0.5892617453994157,1.1337641031545016,0.1682893700422954,0.0207398977196511,0.1340004032780937,0.6680838142960248,0.7000057764256196,1.500012378054899,0.9000074268329394,0.1790792223750522,0.2016840567488674,13.527060508728027,0.0484655238687992,42.858131408691406,0.0336104147136211,0.1018219962716102,1.252232551574707,inf,inf,False,False,0.0561349146470774,Batch_3,pl8uabbv,full
0.1257814386317907,0.814182972837022,0.0600355885311871,0.0686734315469434,41850.4159346612,0.7094150221507425,2.17774348945742,3.7552218428815194,5.436429427980793,2.5866768280309453,0.6201962095312585,0.8910216331636651,1.428312836416264,2.541872240304444,0.0,1.004601158440792,0.2115384615384615,0.7054034299113567,0.0860348935516101,0.1862445746908597,3.4294745570933927,3.099774224316542,1.1063626925440175,0.6357371867817458,0.0500004126018299,0.3000024756109798,1.1068063143897788,0.0330616197183098,0.0439735915492957,0.0487462273641851,158951.09898260742,0.708754183414965,0.6421560437869384,1.1037102122955698,0.244986513065107,-0.0241836016096579,0.1142696807848666,0.708754183414965,0.7500061890274495,1.3000107276475792,0.9000074268329394,0.1944367042249768,0.2061581549081137,13.69726848602295,0.0486590787768363,46.529930114746094,0.0339649468660354,0.1010222136974334,1.9181233644485476,inf,inf,False,False,0.1043016794405997,Batch_3,pl8uabbv,L
0.1097698692152917,0.8283606639839034,0.0618694668008048,0.0694982843888567,26156.50995916325,0.8784949525678143,2.4984609774042363,5.737255089557048,6.876634449596282,3.392466401192713,0.7483629789396143,0.8991960230905822,1.7317214976568651,1.814349186294293,0.0,1.0612321575895434,0.2307692307692307,0.7318878000089973,0.0912458198375246,0.2045022325901448,3.7814750954030703,3.2490768260769127,1.1638613975062573,0.6311473250854219,0.0500004126018299,0.2500020630091498,0.8631409476935181,0.016925176056338,0.0484676810865191,0.0443770120724346,153518.59306801198,0.626649152251484,0.5409893915911964,1.158339076498966,0.2532241362080769,0.0658376928236082,0.1255120427408546,0.626649152251484,0.6000049512219596,1.6500136158603889,0.9000074268329394,0.1646025655448707,0.6106414092286916,13.302157402038574,0.0482798218727111,38.593692779541016,0.0332623869180679,0.10251135379076,0.4277256727218628,inf,inf,False,False,0.0551856476761103,Batch_3,pl8uabbv,R
0.092946812323774,0.8511059006302567,0.0559472870459693,0.0616802716820833,31199.442256904415,0.6224924043656332,2.475395823746372,5.3652369449713015,7.40960375757027,3.1893903339256706,0.7217199478088323,0.9053356563386749,1.4206739937897617,2.1153500350529257,0.0,0.9717928366373516,0.1909090909090909,0.663712133433739,0.0741195302768776,0.1888172401873726,4.2313469597254105,3.353185249931019,1.2618888144675149,0.5751449126594516,0.0499997007891921,0.2236054596385669,0.7648483499936737,0.0057743981150089,0.0471704217227771,0.0400019924859878,149615.50718651892,0.5958000344188422,0.484474952682311,1.2297850097722829,0.1672130922941274,-0.0158769198023243,0.1416623470589946,0.5958000344188422,0.5499967086811134,1.549990724464956,0.8499949134162662,0.133760327736367,0.3356450511251097,13.17194938659668,0.043419811874628,53.54297256469727,0.0345720946788787,0.1152901053428649,2.3366012573242188,inf,inf,False,False,0.0621258327277998,Batch_3,ptg8lmto,full
0.0899728883899476,0.840854033445926,0.0691730781641263,0.0760121069818929,31203.900593894545,0.5516970664468706,2.8332227794472806,5.678486145921935,7.407831504083106,3.7256643220689902,0.7912044988928667,0.9156194561222818,1.3081753278109738,1.8499583006478224,0.0,1.0916477764116732,0.2181818181818181,0.6960283213809295,0.0686356879725974,0.1837479932070639,4.1017008150281145,3.4526619917887578,1.187982149652333,0.5543576224889069,0.0499997007891921,0.2499985039459606,0.838147715024897,0.0248516591411796,0.0338354382712678,0.0312857909775001,148644.03555637036,0.5804535882303336,0.5035912387548288,1.1526284485519511,0.2940399994414028,0.0156729813055441,0.1112908821936798,0.5804535882303336,0.5499967086811134,1.8499889292001088,1.0499937165730346,0.1962010933920552,0.4319022904878742,13.286407470703123,0.0434075184166431,55.51907730102539,0.0344799682497978,0.1163397058844566,0.4356105923652649,inf,inf,False,False,0.1291060569635967,Batch_3,ptg8lmto,L
0.0972965260545905,0.8599601205246367,0.0427433534207727,0.047350380999373,32612.9390661669,0.6364310507650349,2.2555647532412184,3.509876206328352,3.949404197459351,2.496321181648759,0.5876440721628068,0.891184930879113,1.557398280678489,2.612967381216305,0.0,0.7800786619074507,0.1652173913043478,0.6268005948111304,0.0822419478675865,0.1979046958589261,4.133328192267726,3.214433526707001,1.28586519457507,0.6052599187727065,0.0499997007891921,0.2236054596385669,0.7106292675930013,0.0054133286068769,0.0572472527472527,0.0346359447004608,156258.5167431127,0.6030227996556079,0.4674885159613818,1.289920028121979,0.1916975252255272,-0.0477952440766464,0.1699762032785604,0.6030227996556079,0.5499967086811134,1.0999934173622268,0.6999958110486898,0.1672829569741269,0.4619188255561223,13.041017532348633,0.0434380285441875,51.51087188720703,0.0346702858805656,0.1143060401082038,4.152454853057861,inf,inf,False,False,0.0556374294786199,Batch_3,ptg8lmto,R
0.0992352981969486,0.8078201109570042,0.0929445908460471,0.1031840953136828,126378.56292931578,0.5527938427468002,1.3515333507323648,3.375224136647578,6.574844114863137,1.747322104001655,0.442165132395337,0.8476788760006683,1.5699848345481766,3.765970253968784,0.0,0.8676638327819443,0.1913959613696224,0.7413745327445525,0.0828932708876548,0.1870357991957946,2.7895250647044216,2.3407212772174755,1.1917373896051648,0.6225584729058679,0.0500002897654588,0.2500014488272939,0.7778219669978613,0.0,0.0513149098474341,0.0479203883495145,160220.05695340823,0.6078728390415609,0.5121329104027534,1.186943519336641,0.1985705260141391,0.0027202847763543,0.1383043302450882,0.6078728390415609,0.5500031874200467,1.000005795309176,0.750004346481882,0.1410279670313823,0.2163028171865633,9.462882995605469,0.0309796947985887,41.910621643066406,0.0262646730989217,0.1174829974770546,1.6956391334533691,inf,inf,False,False,0.0265008494220366,Batch_3,tuy3zymq,full
0.0949171983356449,0.7985610263522884,0.1065217753120665,0.1176928509923996,147349.19365244193,0.5722455504720808,1.3366725214550084,3.3524894666224383,5.764438754743228,1.6450862837439924,0.4206707097197181,0.8406799735417008,1.6156055747330975,3.952116089872965,0.0,0.8363026379256728,0.1882530120481927,0.8029823128589441,0.0890772528718042,0.1885542570253302,2.554916828137256,2.1516234798789946,1.187436766715774,0.618584808761678,0.0500002897654588,0.2500014488272939,0.7615817241623671,0.0053022191400832,0.0522539528432732,0.0373610263522884,162439.17131564382,0.6026178771769404,0.4957096874002002,1.215666936705294,0.2461721575351037,0.0330647854894981,0.1387731208708814,0.6026178771769404,0.5500031874200467,0.8500049260127995,0.7000040567164232,0.0913550840595034,0.2580604019813481,9.42250919342041,0.0319908298552036,42.7415885925293,0.0268708392977714,0.1189717575907707,1.8370648622512815,inf,inf,False,False,0.0554947519774151,Batch_3,tuy3zymq,L
0.1042549237170596,0.8148223300970875,0.0809227461858529,0.0903412682117738,101413.5263541656,0.5578095733777116,1.4252418806934046,3.350773904184757,6.566729786349022,1.8730437390147645,0.4609277781335401,0.8554846236218755,1.4986652401969494,3.497450261093732,0.0,0.9062284262427228,0.1859956236323851,0.725114431179608,0.0779570133354361,0.1845356701779236,2.927789816945192,2.5347768698040416,1.1550483404764276,0.632228305809675,0.0500002897654588,0.2500014488272939,0.79057399663628,0.0,0.0485576976421636,0.0556972260748959,159998.1455171847,0.6094985374014099,0.5275556246360369,1.1553256357031656,0.2387234536371336,-0.0274387766387585,0.1333418069933491,0.6094985374014099,0.6000034771855056,1.1000063748400934,0.750004346481882,0.1820824852649928,0.1925153046176795,9.47635269165039,0.0299715716391801,40.94535827636719,0.0256626699119806,0.116025261580944,1.3507413864135742,inf,inf,False,False,0.0441252770468205,Batch_3,tuy3zymq,R
0.1291456365870809,0.8135163853893522,0.0573379780235668,0.0658410641692792,30996.75812545189,0.7035503519761137,2.189632871409592,5.728943282789539,6.614521165169201,3.645967055760868,0.7011397881402625,0.8980911119549901,1.504496565711649,2.0014337821279238,0.0,0.919498760871404,0.1908127208480565,0.6789750042418461,0.092659306440797,0.2530496526661155,3.68632999896601,3.168985531804455,1.1632523916469173,0.6531469811270355,0.0500005669355621,0.3000034016133726,1.0920288654516546,0.019990624089518,0.054004244899658,0.0551507675979048,144797.5768263159,0.7269101563752274,0.6278155127715547,1.1578403871643907,0.3654612753673341,0.0933910784268623,0.1354836562042193,0.7269101563752274,0.7000079370978695,1.6500187088735494,0.95001077177568,0.1231700915957969,0.4017489824158935,9.77662754058838,0.0329584814608097,33.7337646484375,0.0275967698544263,0.1073435172438621,-0.5127415060997009,inf,inf,False,False,0.0936038640582577,Batch_3,ufdvpb81,full
0.1254310070998425,0.8373365787565527,0.0372324141436047,0.0425723006942407,29791.937138243517,0.6978697904499397,1.765986801387741,4.202223069990501,5.140766657092242,2.6996001605511317,0.5522876905483574,0.8999092102118705,1.5221062655554056,2.55564130473432,0.0,0.8365992545185478,0.1544117647058823,0.6980100785552347,0.0887749083168773,0.2434994863675346,4.203087352465381,3.6082434658194456,1.1648569150837067,0.5770011519348466,0.0707114798866156,0.3354139997443356,1.1884999083049437,0.0566882498811581,0.0299656727763429,0.0387770844423414,134282.7754834064,0.7811264858703449,0.6602499262649366,1.1830769755465365,0.4231721206082651,0.091220160836296,0.0844315262419842,0.7811264858703449,0.8000090709689937,1.2000136064534903,0.9000102048401178,0.1961835076213576,0.2931990201397966,9.592360496520996,0.031395848840475,32.10408401489258,0.0264206770807504,0.1061571463942527,-2.078326463699341,inf,inf,False,False,0.1845990617011197,Batch_3,ufdvpb81,L
0.1343592069031236,0.7876030419133867,0.0780377511834896,0.0901502699570169,33296.87091921334,0.7655714732685167,2.723227547893061,5.843102005186879,6.609586616272871,3.8102556424998815,0.751403842910154,0.9001043805802089,1.4770351768430223,1.7602830879989655,0.0,0.9478717800513043,0.1907894736842105,0.6769754924354493,0.1062163027331877,0.2748028029121342,3.1143505706695622,2.7954453339886296,1.1140802979773918,0.7415247721665076,0.0500005669355621,0.2828459195464627,0.9861653278829046,0.0281389584414958,0.038033364440326,0.0681868840213017,157722.02014364212,0.6813964220841102,0.6052019876939757,1.1258991806693517,0.329029014397437,0.0973459017267301,0.1151712393376746,0.6813964220841102,0.6500073701623074,1.7500198427446736,1.000011338711242,0.0843423373097183,0.4067840955169421,9.923026084899902,0.0345256403088569,35.122398376464844,0.0287772975862026,0.1089580208063125,1.0723098516464231,inf,inf,False,False,0.1179779402773362,Batch_3,ufdvpb81,R
0.1112205040072636,0.8294479962576018,0.0593314997351346,0.066756152682014,24663.36045388364,0.9118834703805176,2.942442595436158,5.706521806416425,6.612490278011265,3.682003035176923,0.7345760455829811,0.9053965650971552,1.553435454232206,1.7727955646735576,0.0,1.0777535135558145,0.1928251121076233,0.731942999590466,0.0611170182358657,0.1708264215133825,4.080580524790999,3.4387056432363754,1.1866617699066897,0.5949043627033029,0.0499984032006032,0.2915382838817971,1.0123905038423366,0.0114159597139232,0.0496887279053075,0.0501158163880327,144662.22185506637,0.6832744261148266,0.5878476587557823,1.162332478385678,0.2155047572783551,0.0238096949373824,0.1313945568852972,0.6832744261148266,0.6999776448084462,1.7999425152217186,0.9499696608114626,0.0986159560940991,0.2199164068436813,13.136754989624023,0.0483807995915412,61.471866607666016,0.0337227471172809,0.1086101233959198,6.815977096557617,inf,inf,False,False,0.102588514879051,Batch_3,utfgcjfa,full
0.1114155588216753,0.8323268173136791,0.0562576238646455,0.063311511272968,26322.330888001376,0.921432248785392,2.0669739650092755,5.352182688291337,5.796365218565232,3.97743644265895,0.6576865243723867,0.9059113039872884,1.649289492226958,1.9212064037491337,0.0,1.0957374822265895,0.2184873949579832,0.7582378758014869,0.0574994656597321,0.1376484152187544,3.7161432916284474,3.2952114340408643,1.1277404700770297,0.6325261931848747,0.0499984032006032,0.2549428335683561,0.91920945874279,0.022779941674325,0.0321196251408652,0.056515992006485,161030.73013836137,0.6249335168818311,0.5610671247747798,1.1138302161843614,0.2763133067477776,0.0196757086291969,0.1023496771411723,0.6249335168818311,0.6499792416078428,1.6499473056199088,0.849972854410256,0.1209565472144935,0.6002789497646743,13.259628295898438,0.0510707795619964,61.60829544067383,0.0350008010864257,0.1094358041882515,4.932358741760254,inf,inf,False,False,0.0838435912229439,Batch_3,utfgcjfa,L
0.1126997964020335,0.8250121926538846,0.0622880109440818,0.0701994777996291,23004.390019765902,0.8922538742644812,3.452728093285089,6.339762048210199,6.6118885681708095,3.5608123831540626,0.7988933749393493,0.9050765218652406,1.479248647122093,1.6521558405013304,0.0,1.0420888757733,0.1634615384615384,0.7480139955016968,0.0663494157557482,0.2082608426872025,4.234549573690626,3.5474685576679708,1.1936820594329178,0.5672006297382374,0.0499984032006032,0.3041284135633723,1.0999648704132725,0.0226038255626591,0.0517979049647601,0.0382980658746141,133160.02684518343,0.7449095066028479,0.6171114909663271,1.2070906432748538,0.2678811425537235,0.0266706058445856,0.1351685940914591,0.7449095066028479,0.7499760480090494,1.8999393216229248,1.0999648704132725,0.1605681896313512,0.7284294824924727,12.965292930603027,0.0456966161727905,60.44289016723633,0.0324497744441032,0.1079607978463172,8.80131721496582,inf,inf,False,False,0.2004661118300409,Batch_3,utfgcjfa,R
0.110100973253156,0.8299191954197381,0.0599798313271058,0.0674007157265593,21004.618372592813,1.0901431079908963,3.058933857466557,5.714780102683113,6.034262601251011,3.108308755629358,0.7755442514913448,0.9115924944162956,1.5189190487509776,1.630512169464563,0.0,1.0180799991973724,0.1736842105263158,0.619573756020006,0.0607802111407781,0.1907949830725221,4.2559455132291255,3.355029377560541,1.268527048285832,0.6032163155720506,0.0499984032006032,0.26924964132881,0.9499696608114626,0.0166886233816767,0.0496386883674733,0.0437736615040059,131886.89325528013,0.6967953558441092,0.5553498616459114,1.254696190576136,0.229631872548032,0.0221017637135221,0.1384629969963421,0.6967953558441092,0.6499792416078428,1.699945708820512,0.9499696608114626,0.0781835962733607,0.1575179276791624,12.775035858154297,0.0491145960986614,56.37226486206055,0.0337637774646282,0.1069112196564674,2.40932035446167,inf,inf,False,False,0.0925072509058141,Batch_3,vc2whyaq,full
0.1090297697656639,0.8243608425286473,0.0666093877056887,0.0747605087637661,21892.15125372352,1.1548303932783446,3.0537268037901413,5.710936273448554,6.027137542888109,3.0537925675110817,0.8259973805118397,0.9173058271451292,1.464440797199443,1.6346959760307505,0.0,1.0424736214408008,0.1515151515151515,0.6175255878075984,0.0511368562263582,0.1914394553983986,4.0270243729578645,3.243376308385274,1.241614906832298,0.6179356203188259,0.0499984032006032,0.2549428335683561,0.8901962605332608,0.0304249680621653,0.038015144420926,0.0405896572825725,139313.68979642238,0.6829888879360453,0.539194874430783,1.2666828271634865,0.2696669742825645,-0.0138014254879871,0.1143496683883036,0.6829888879360453,0.6499792416078428,1.6499473056199088,0.8999712576108593,0.1095508013328256,0.3460206053883292,12.81738567352295,0.050113596022129,55.22060394287109,0.0343676209449768,0.1080839186906814,6.363861560821533,inf,inf,False,False,0.1211435206076062,Batch_3,vc2whyaq,L
0.1102644376899696,0.8366449295385465,0.0530906327714838,0.059670125619846,20559.47839255529,0.9372721979119558,2.765783131921289,5.671540195103655,5.774909860228093,3.008558870558104,0.712683790043459,0.9068507485461996,1.526473077110258,1.6374426699074984,0.0,0.9892851674227836,0.2150537634408602,0.6119832384860533,0.0701569388510595,0.1879891749271289,4.319392409896264,3.488720880834334,1.2381020314996576,0.5845650317523168,0.0499984032006032,0.2828336796131662,1.0049554668414316,0.0436923183199778,0.0339669798286819,0.0326051395413097,124904.35797627678,0.7050573468793252,0.5694957127930338,1.238038023888614,0.2775865647828457,0.0569947671924415,0.1094978323732357,0.7050573468793252,0.6999776448084462,1.7499441120211152,0.9499696608114626,0.0963523080698072,0.5373366500287814,12.709656715393066,0.0481220483779907,56.72429275512695,0.0331660322844982,0.1062704026699066,-1.550536870956421,inf,inf,False,False,0.180687989134112,Batch_3,vc2whyaq,R
0.1101125898966306,0.8249788771256965,0.0649085329776728,0.0729401632619266,22451.39987506,1.256469734979024,2.980755067182953,4.65382056402005,6.517219477964904,2.8209607999146606,0.8159449133491158,0.9052139608516542,1.491870528830448,1.6939494350167157,0.0,1.0001695958428616,0.1330049261083744,0.6896930184913938,0.054000334571836,0.1682986696835321,3.7518354392047217,3.185877410599446,1.1776458901784257,0.64728594685596,0.0499984032006032,0.2499920160030164,0.912385240690117,0.0059044516181117,0.0535215342726929,0.0506866040058259,162357.90648565555,0.6224905918629364,0.5410953926008389,1.150426709181281,0.2365938620691612,0.0439037464734042,0.1451691014721826,0.6224905918629364,0.6499792416078428,1.4499536928174956,0.8999712576108593,0.061987024842525,0.4182230911714969,13.14944553375244,0.0513131283223629,63.16473007202149,0.0349430702626705,0.1109968945384025,-0.5283715724945068,inf,inf,False,False,0.0536219484407239,Batch_3,x77cy643,full
0.1110356788571087,0.8080034404849192,0.080960880657972,0.0910732621460951,26764.723003766103,1.325202860723161,2.994231295757218,5.044086409965585,6.519538881832879,2.804952574746865,0.8289160946624321,0.9069261551602762,1.541578085418769,1.6554160473489632,0.0,0.9867024649027856,0.0909090909090909,0.6982145492108706,0.059428716793255,0.1740426145993093,3.4794620398652776,3.059207946657364,1.1373734968448626,0.6540993329388181,0.0499984032006032,0.2549428335683561,0.96562955647265,0.0118614339445695,0.041599482655466,0.0575747622570731,161915.51436989082,0.6309040661007789,0.5513243379311246,1.1443428535520157,0.3733811939271923,0.0874856984170278,0.1223341027280866,0.6309040661007789,0.6499792416078428,1.4499536928174956,0.9499696608114626,0.1341450848045292,0.3939496567347422,13.199490547180176,0.051503736525774,62.25172805786133,0.0354219526052475,0.112027071416378,-2.3970301151275635,inf,inf,False,False,0.106761933574613,Batch_3,x77cy643,L
0.108974816225464,0.841984588043126,0.0490405957314099,0.0550383946766415,18580.468862118614,1.0613434552516825,2.923499142529601,4.399238485708216,4.662528995692012,2.899534078791743,0.7911432426786511,0.9028122362715748,1.4834555525283917,1.7668911543495849,0.0,1.023326930948259,0.1904761904761904,0.6931270725517702,0.0465785511125982,0.1608788309316013,3.878972515043575,3.32710995532657,1.1658684465277425,0.6382614558681122,0.0499984032006032,0.2499920160030164,0.8543730884117011,0.0205483542405552,0.0447860230714871,0.0436404389134216,163906.2788908321,0.6116796701946797,0.5317475409279888,1.150319697063753,0.2539064069583149,0.0004239892348711,0.1274878062828747,0.6116796701946797,0.5999808384072396,1.4499536928174956,0.7999744512096527,0.1395738775560568,0.6116094119756841,13.093717575073242,0.0511292740702629,64.01387023925781,0.0344697833061218,0.1103149652481079,1.3501685857772827,inf,inf,False,False,0.0824740044830136,Batch_3,x77cy643,R
0.0918702671810258,0.8115424256169744,0.0965873072019997,0.1063584901049081,63586.71029380537,0.6199706787748025,1.992228798904232,5.58366407013688,8.071310697952805,2.8827250560645785,0.6799493625937092,0.891967710782665,1.4484152407381234,2.293220308315945,0.0,1.2207736011297807,0.2600349040139616,0.7270386827936467,0.0648898985550647,0.1568022711050246,3.303902790208652,2.787984838637213,1.1850504867966296,0.6273807157629219,0.0500002897654588,0.2121332637266894,0.707110879088965,0.0,0.0404192277121419,0.0514510394688839,167678.04407319357,0.5611518319793551,0.4708205406882263,1.1918592828577237,0.1894815530582258,0.0070352679003552,0.1262780569663653,0.5611518319793551,0.5000028976545879,1.6500095622601405,0.9500055055437172,0.1366031942651367,0.1244240941128572,9.950145721435549,0.0314716398715972,44.57200241088867,0.0275151710957288,0.1181289181113243,8.407089233398438,inf,inf,False,False,0.0369860635069229,Batch_3,x7u69zsw,full
0.0834001115436588,0.8177208744800872,0.0988790139762539,0.1078758738916906,68812.2058595483,0.6854985851773617,1.778631508891678,4.4596731941372125,8.067957800771824,2.5840176753174258,0.6152334692600334,0.890913680714068,1.484886395453893,2.405395313060802,0.0,1.2308131212796078,0.2612903225806451,0.7194002299170942,0.0572249645006423,0.1419803423078943,3.357323512208529,2.857171949485823,1.175051264524949,0.5902834821086105,0.0500002897654588,0.2061564760144763,0.6324591973090241,0.0,0.0408159612871361,0.0425841502565226,167369.04263903038,0.5414758456219996,0.4480283238504233,1.2085750315258512,0.2272244670766004,0.0156998385989552,0.1232910997947386,0.5414758456219996,0.5000028976545879,1.5500089827292227,0.9000052157782583,0.1598325089064777,0.2119600348089373,9.970623016357422,0.0306197591125965,43.84383392333984,0.0275351852178573,0.1172028705477714,8.810235023498535,inf,inf,False,False,0.0565921918744791,Batch_3,x7u69zsw,L
0.1014633841886269,0.8051065187239945,0.0934300970873786,0.1039802891093223,59028.44203546619,0.5634867283722029,2.124845461274477,5.605113653384752,7.429533051367231,3.2499971725193526,0.7419565940053278,0.8970279045733146,1.483355691520563,2.1680511297978784,0.0,1.2100447237442218,0.2180451127819548,0.6968953299060936,0.0757880483976163,0.177488770877738,3.1475576067729905,2.720990194207738,1.156769184054136,0.6699223754013104,0.0500002897654588,0.2236080936205058,0.7826283276717703,0.0068131761442441,0.0398854368932038,0.0547647711511789,169540.33727479764,0.5799917860370271,0.4930680736845027,1.1762915041385216,0.1813800734168226,-0.001581440952697,0.1285152052839997,0.5799917860370271,0.5500031874200467,1.7500101417910578,0.9500055055437172,0.0947314279380622,0.3067447519941661,9.94076156616211,0.0323268771171569,45.33061981201172,0.0274996329098939,0.1190796568989753,7.890896797180176,inf,inf,False,False,0.067149111955284,Batch_3,x7u69zsw,R
0.1071688014984061,0.8332409769988409,0.0595902215027527,0.0667429874793364,33893.93954272798,0.5829165778139183,2.144698304981252,5.445791565116734,8.108643470529874,3.3631327054364903,0.7372711377413889,0.9108007855870264,1.4364848349671029,1.9199641054014516,0.0,1.077718381077268,0.209205020920502,0.6549100676198795,0.0983503580761952,0.1985573980567669,3.8506782050558233,3.1441950763549134,1.2246944326113316,0.626651190253056,0.0499997007891921,0.2499985039459606,0.9617634476487624,0.0163011589390473,0.0398571649902485,0.0510104775691103,171029.66982648513,0.626561211945817,0.5306570775611185,1.1807271370533126,0.2557966754891285,-0.0565951719848644,0.1196278728249016,0.626561211945817,0.6499961102594977,1.9999880315676848,1.0499937165730346,0.1611541759236777,0.534971796730884,13.725370407104492,0.0434675738215446,68.32817840576172,0.0330691486597061,0.1100009977817535,-8.825522422790527,inf,inf,False,False,0.0985187574434299,Batch_3,xgj4xftb,full
0.1068671162338477,0.8313947551125915,0.0617381286535607,0.0691253561208317,21842.730415726182,0.6023860284222587,3.320392623717968,6.327707798065432,8.090418409834557,4.138014610018562,0.8423233766084162,0.9300260924452988,1.3187240861636755,1.312429376975046,0.0,1.2456122783616237,0.1168831168831168,0.5920350356088688,0.103066841802323,0.1896035054539643,3.840338829300765,3.203728129480077,1.19870933927343,0.6544260594955571,0.0499997007891921,0.2499985039459606,0.9013824247664476,0.0327837375726634,0.0342827479244335,0.0398006307367507,178145.90520877976,0.5955267871503106,0.5076200842838867,1.1731742017072395,0.2565383234185299,-0.0448777772676876,0.1119716904961455,0.5955267871503106,0.5999964094703055,2.649984141827183,1.0999934173622268,0.2433161725064994,0.9082876837461928,13.914024353027344,0.0448800735175609,68.04975891113281,0.0340259410440921,0.1104692667722702,-10.121641159057615,inf,inf,False,False,0.2045615921111133,Batch_3,xgj4xftb,L
0.106529067706487,0.8285643388869195,0.0649065934065934,0.0726454449278838,62957.15193642654,0.5250794025880463,1.6151311121497534,3.468328388500609,5.839395383747003,2.896741824822312,0.5924236403174709,0.8779011350914231,1.452110161661686,2.914986922116076,0.0,0.9071910797002548,0.2387387387387387,0.6910467786258249,0.0938955490350313,0.1969780309629924,3.436494372813512,2.91050208274747,1.180722183015761,0.5973561660713999,0.0499997007891921,0.2692566290572127,1.0111813696437324,0.041853775257001,0.0288649415101028,0.0358103509393832,156542.1075176011,0.6584214136811197,0.5565124104302531,1.1831208097804653,0.4763632127944516,-0.066648537721576,0.0970229131122877,0.6584214136811197,0.6999958110486898,1.3499919213081877,1.0499937165730346,0.1276911731706355,0.3289253575497486,13.298477172851562,0.0420593246817588,67.72022247314453,0.0321180000901222,0.1097915321588516,-7.390911102294922,inf,inf,False,False,0.183010363754644,Batch_3,xgj4xftb,R
