image_id,batch,has_inlens,has_etd,si_px,unc_px,inl_pore_mean,inl_bulk_mean,inl_si_mean,inl_unc_mean,inl_pore_darkness,inl_unc_si_like,inl_edge_density,etd_pore_mean,etd_bulk_mean,etd_si_mean,etd_unc_mean,etd_pore_darkness,etd_unc_si_like,etd_edge_density,inl_minus_bse_vh,reg_dy_px,reg_dx_px,inl_std_si,inl_std_unc,inl_std_bulk
img_0grcilhi,Batch_3,True,True,186808,37716,0.8396679162979126,1.24064838886261,1.7364981174468994,2.3235204219818115,0.6767976518050336,2.1838713842012805,0.1248744800686836,0.1688048541545868,1.035948395729065,1.628131866455078,1.5913918018341064,0.1629471649847845,0.9379583077928052,0.1071395725011825,-0.0249167084693908,0.0,0.0,0.1608530879020691,0.3529587388038635,0.2217121422290802
img_3806gxp0,Batch_2,True,True,475151,28981,0.8140804767608643,1.0888710021972656,1.5421855449676514,1.7843998670578003,0.7476372087401599,1.534318446105613,0.1099411323666572,0.2131628841161728,1.0356882810592651,1.567530393600464,1.4130038022994995,0.2058176074930165,0.7094502528906188,0.1068600192666053,-0.0060557723045349,0.0,0.0,0.1532429605722427,0.3423144221305847,0.1786761730909347
img_4ih2ggld,Batch_1,True,True,32052,47380,0.5160850882530212,1.0783870220184326,1.494940161705017,1.615464210510254,0.4785713085521534,1.2893365511442776,0.1462660729885101,0.1613300144672393,1.0374590158462524,1.5046757459640503,1.574893832206726,0.1555049520058803,1.150290179516842,0.1335707604885101,-0.0210916399955749,0.0,0.0,0.2657248973846435,0.383915901184082,0.2234697639942169
img_5n1q8atc,Batch_1,True,True,128125,99612,0.527613639831543,1.0650761127471924,1.2485485076904297,1.4042290449142456,0.4953764651341663,1.8485229468551951,0.1395089924335479,0.2037675678730011,1.0310031175613403,1.4285675287246704,1.462788462638855,0.1976401083587196,1.0860764518988235,0.1297946125268936,-0.0143486261367797,0.0,0.0,0.1573510318994522,0.2328845709562301,0.2121326327323913
img_71vgq3fw,Batch_3,True,True,266595,15226,0.937345325946808,1.3608494997024536,1.8700443506240845,2.8673298358917236,0.6887942613431949,2.958553751010199,0.1526179611682891,0.346458375453949,1.0219882726669312,1.5306589603424072,1.6767151355743408,0.3390042574068369,1.2871330681533495,0.090227372944355,-0.0215246677398681,0.0,0.0,0.1769761890172958,0.5028584599494934,0.2787281274795532
img_9luzk4jm,Batch_3,True,True,408957,11150,0.6677594184875488,1.0793206691741943,1.1314477920532229,1.6080615520477295,0.6186849168731868,10.14329688021698,0.0760360434651374,0.1981450468301773,1.0479384660720823,1.5595545768737793,1.727791428565979,0.1890808031628718,1.3288341554150327,0.0909745097160339,-0.0091296434402465,0.0,0.0,0.0900853425264358,0.2354151755571365,0.1263168603181839
img_avn74qx1,Batch_2,True,True,365143,23123,0.7228471040725708,1.0854699611663818,1.6437690258026123,1.9396520853042605,0.6659300855233636,1.5299723360533224,0.107851505279541,0.2086713314056396,1.0350335836410522,1.5646520853042605,1.459375262260437,0.2016082711747124,0.8012214023618641,0.106223426759243,-0.0157167315483093,0.0,0.0,0.1617106348276138,0.3749909698963165,0.1729360967874527
img_b3esycq1,Batch_2,True,True,354717,16625,0.528296709060669,1.0259853601455688,1.2807753086090088,1.3437490463256836,0.5149164204309047,1.2471594271926745,0.0843830332159996,0.2245179116725921,1.0283933877944946,1.494418740272522,1.3708654642105105,0.2183190930020428,0.7348786382435338,0.104292556643486,-0.0171126723289489,0.0,0.0,0.1164907738566398,0.1771282255649566,0.1286356598138809
img_cfe5vt7s,Batch_3,True,True,300213,12996,0.70592200756073,1.0478618144989014,1.371829390525818,2.0148441791534424,0.6736785306928179,2.984812173222546,0.1113983169198036,0.201905220746994,1.017379879951477,1.522040605545044,1.5224665403366089,0.1984560779368112,1.0008440022572866,0.1037747338414192,-0.0237593054771423,0.0,0.0,0.162610113620758,0.314294695854187,0.180691659450531
img_epqdaau9,Batch_2,True,True,381982,30432,0.5703216791152954,1.0588579177856443,1.459747552871704,1.4928231239318848,0.5386196481469305,1.0825054283408455,0.1021198630332946,0.2077109962701797,1.0274842977523804,1.5909833908081057,1.4344288110733032,0.2021549105174133,0.722174211699538,0.1182120442390441,0.0160368680953979,0.0,0.0,0.1457900255918502,0.254856526851654,0.156766653060913
img_f1vzngrs,Batch_1,True,True,417419,16638,0.5111902952194214,1.0357630252838137,1.4706356525421145,1.3324034214019775,0.4935398182217869,0.6821316806908817,0.0975867733359336,0.2287348359823227,1.019775152206421,1.5293320417404177,1.396097183227539,0.2242992835110995,0.7385280009956783,0.1132605820894241,-0.0322364568710327,0.0,0.0,0.1435198485851287,0.2077993005514145,0.1462160348892212
img_ffwubibz,Batch_1,True,True,294862,23288,0.6305022835731506,1.041833519935608,1.3182499408721924,1.3579481840133667,0.605185254177769,1.143617528244756,0.0972727611660957,0.2129316478967666,1.0183144807815552,1.4313145875930786,1.3239773511886597,0.2091020523771221,0.7401036110302913,0.0950705707073211,-0.0264380574226379,0.0,0.0,0.1258476376533508,0.1763146519660949,0.1507141441106796
img_fzrt2k6r,Batch_1,True,True,269588,36105,0.4968792796134949,1.0206143856048584,1.291687250137329,1.163415551185608,0.4868433040153785,0.5267999282297913,0.0866224989295005,0.2028207629919052,1.036826729774475,1.5336453914642334,1.3921799659729004,0.1956168346817425,0.7152574240867143,0.1066984087228775,-0.0126323103904724,0.0,0.0,0.124144934117794,0.1333879381418228,0.1329097002744674
img_hawkfj64,Batch_3,True,True,250681,25314,1.058435559272766,1.2938660383224487,1.9000864028930664,2.682992458343506,0.8180410706544797,2.291454562079859,0.1301754117012024,0.1832499057054519,1.024595022201538,1.6174607276916504,1.745978832244873,0.1788510599160481,1.216774394880842,0.1049548089504242,-0.0353015661239624,0.0,0.0,0.1754042357206344,0.3612141013145447,0.2307335883378982
img_hzumfsms,Batch_3,True,True,291122,10817,0.6381730437278748,1.0808569192886353,1.1707780361175537,1.690606951713562,0.5904324914234602,6.780943719649535,0.0789820253849029,0.1824844181537628,1.048559308052063,1.524143099784851,1.8164199590682983,0.1740334731211046,1.614564382479347,0.0920929610729217,-0.0126616954803466,0.0,0.0,0.0946726128458976,0.2820960283279419,0.1322105973958969
img_i9jiqjwl,Batch_2,True,True,275321,27499,0.5833256840705872,1.0331711769104004,1.3906317949295044,1.3386809825897217,0.5645973262774973,0.8546670326155865,0.0846498161554336,0.2133561670780182,1.0310455560684204,1.6164679527282717,1.4567166566848757,0.2069318526444042,0.7271178947801402,0.1083351522684097,-0.0192170739173889,0.0,0.0,0.1273529380559921,0.1643894165754318,0.123763769865036
img_iv6g2oq0,Batch_1,True,True,283125,12791,0.6136630177497864,1.046115159988403,1.479897379875183,1.589452862739563,0.5866113418685082,1.2525587215007905,0.0997494161128997,0.1879758834838867,1.0260279178619385,1.5920755863189695,1.432151436805725,0.1832073769255668,0.7174722935452131,0.1060181334614753,-0.0232945084571838,0.0,0.0,0.1459416002035141,0.2978383898735046,0.1511219590902328
img_kbdh4tri,Batch_3,True,True,333977,79403,1.0284326076507568,1.3945837020874023,1.9322247505187988,2.203601360321045,0.7374477459555899,1.5047542604754705,0.1595762223005294,0.350480318069458,1.0213104486465454,1.5147844552993774,1.5593754053115845,0.3431672695936082,1.09036129443709,0.0923115536570549,-0.0224723219871521,0.0,0.0,0.1868914067745208,0.3017255067825317,0.2905463278293609
img_mgxahqnk,Batch_3,True,True,426553,25471,0.9728395938873292,1.2230168581008911,1.6916381120681765,2.4877140522003174,0.7954425055088455,2.69876191784446,0.1198231950402259,0.1917959302663803,1.0237503051757812,1.5665186643600464,1.613700032234192,0.1873463961834407,1.0869272629396731,0.1029478758573532,-0.047474980354309,0.0,0.0,0.1313945949077606,0.3253214955329895,0.2171558737754821
img_pl8uabbv,Batch_3,True,True,397695,17508,0.645433783531189,1.055012345314026,1.3235840797424316,1.5262423753738403,0.6117784179473983,1.7545779009943885,0.0944941714406013,0.1834041029214859,1.0342575311660769,1.5825296640396118,1.5943878889083862,0.1773292409238794,1.0216283559892505,0.1132856756448745,-0.0143237709999084,0.0,0.0,0.1275905668735504,0.2329245805740356,0.140022799372673
img_ptg8lmto,Batch_3,True,True,257523,16232,1.031567096710205,1.2651742696762085,1.7146748304367063,2.8148674964904785,0.8153557351227276,3.447589084632921,0.1612275093793869,0.167081743478775,1.031481385231018,1.6117676496505735,1.6997604370117188,0.1619823157946318,1.1516368605573697,0.1248750984668731,-0.0157619714736938,0.0,0.0,0.2001694142818451,0.6011424660682678,0.257879763841629
img_r17byphk,Batch_2,True,True,355593,25329,0.6844812631607056,1.0426746606826782,1.341266632080078,2.0157811641693115,0.6564667666446886,3.2589841546392866,0.1136649474501609,0.1839563250541687,1.0245416164398191,1.4617701768875122,1.5539796352386477,0.1795498807490111,1.21089532270426,0.106249451637268,-0.0136619806289672,0.0,0.0,0.1438120752573013,0.3844431638717651,0.1823954284191131
img_rxax5ozo,Batch_2,True,False,316107,25672,0.7468737959861755,1.0963720083236694,1.7999783754348757,2.002183437347412,0.6812229702289923,1.2873837863956934,0.1187269166111946,,,,,,,,-0.0071746110916137,0.0,0.0,0.1834453344345092,0.3359315693378448,0.1917275637388229
img_tuy3zymq,Batch_3,True,True,177034,73575,1.0322552919387815,1.4279760122299194,1.8725576400756836,2.429918050765991,0.7228799945503409,2.253673961722209,0.1628293097019195,0.3406513929367065,1.0229997634887695,1.5684884786605835,1.5225938558578491,0.3329926409513253,0.915865128780384,0.0918000340461731,-0.0273595452308654,0.0,0.0,0.2032476812601089,0.3276690542697906,0.2984018623828888
img_ufdvpb81,Batch_3,True,True,253077,44617,0.6033417582511902,1.0455306768417358,1.12894868850708,0.9930576086044312,0.5770674850724818,-0.6290376285617518,0.0664532706141471,0.2032971680164337,1.0413436889648438,1.5080158710479736,1.3966037034988403,0.1952258127367372,0.7612624625453096,0.0848805904388427,-0.0003930926322937,0.0,0.0,0.0832000374794006,0.0737823843955993,0.1053616777062416
img_uhdslk0o,Batch_1,True,True,292305,14846,0.6699011325836182,1.063515305519104,1.5581929683685305,1.7163349390029907,0.6298932691491808,1.319686904242929,0.0998909473419189,0.2129443883895874,1.0262818336486816,1.4991658926010132,1.4225974082946775,0.2074911407449533,0.8380819085422927,0.1041307970881462,-0.0142733454704284,0.0,0.0,0.1449809819459915,0.2716507017612457,0.152392953634262
img_utfgcjfa,Batch_3,True,False,360146,17158,0.7960526347160339,1.1761560440063477,1.8088587522506712,2.1085638999938965,0.6768256973831762,1.473690319067658,0.1323680579662323,,,,,,,,-0.014207899570465,0.0,0.0,0.1806983798742294,0.3851686418056488,0.219218224287033
img_vc2whyaq,Batch_3,True,False,381108,13091,0.7466732263565063,1.0818735361099243,1.6123729944229126,1.823947548866272,0.6901668276694405,1.39882143351508,0.1077762320637703,,,,,,,,-0.030078113079071,0.0,0.0,0.1470150798559188,0.3322762250900268,0.1733414083719253
img_x77cy643,Batch_3,True,False,347640,21658,0.7717117071151733,1.129183053970337,1.7199311256408691,2.018244981765747,0.6834248038010725,1.5049764365396885,0.1247279569506645,,,,,,,,-0.0186524391174316,0.0,0.0,0.1731781661510467,0.3640408515930176,0.211674228310585
img_x7u69zsw,Batch_3,True,True,237478,55328,1.0790441036224363,1.4008824825286863,1.954265594482422,2.0165445804595947,0.7702602588581804,1.1125422598410983,0.1589434742927551,0.3395347595214844,1.0197815895080566,1.5614370107650757,1.49335777759552,0.3329485087932173,0.8743126524764319,0.0917263254523277,-0.0268760919570922,0.0,0.0,0.1904273927211761,0.236139640212059,0.2938917577266693
img_xgj4xftb,Batch_3,True,True,171847,35244,1.1795077323913574,1.3076597452163696,1.7319533824920654,2.793204545974731,0.9019989616612326,3.5012186614363263,0.1392546445131302,0.1746496260166168,1.0283757448196411,1.6743062734603882,1.788605809211731,0.1698305574556771,1.1769532955685915,0.1196172162890434,-0.0359366536140441,0.0,0.0,0.1936512738466262,0.4195526242256164,0.2518578469753265
img_3e122cbj,New_Images_Batch,True,True,75960,39961,0.5603836178779602,1.0751051902770996,1.451487421989441,1.7262787818908691,0.5212360827069636,1.7300858987186296,0.1458259373903274,0.1715764105319976,1.0295380353927612,1.470510721206665,1.6719176769256592,0.1666537851285334,1.456733403673874,0.1342834681272506,-0.0267416834831237,0.0,0.0,0.2684502303600311,0.3955238461494446,0.2181480079889297
img_fn0mhxef,New_Images_Batch,True,True,366709,25406,0.6714038252830505,1.0568891763687134,1.5671151876449585,1.688631892204285,0.635264169881914,1.238162504211364,0.1050106436014175,0.2254914045333862,1.025786280632019,1.5496947765350342,1.3867602348327637,0.2198229872936631,0.6890019097296093,0.1034026369452476,-0.0116035938262939,0.0,0.0,0.166763424873352,0.3125874996185303,0.1692370772361755
img_xrv9xvzb,New_Images_Batch,True,True,237384,10243,0.6619861125946045,1.0654293298721311,1.0968008041381836,1.2807724475860596,0.6213327285386948,6.864297032637567,0.0734415128827095,0.2020861506462097,1.0525588989257812,1.5377230644226074,1.5757187604904177,0.1919950996114844,1.0783151328352971,0.0909695550799369,-0.0112512111663818,0.0,0.0,0.0848660469055175,0.1612108796834945,0.1219983100891113
