image_id,batch,h_px,w_px,pixel_nm,channels,raw_p1,raw_p50,raw_p99,black_share,pore_count_per_mpx,si_bulk_contrast,noise_mad,sharpness_lapvar,pores_per_mpx,group_id
img_0grcilhi,Batch_3,1904,7000,0.025,Inlens+ETD,0.0,55.0,129.0,0.0342472238895558,105.37224320994474,2.2557342052459717,9.808150291442873,48.15770721435547,,1904
img_3806gxp0,Batch_2,2048,7000,0.025,Inlens+ETD,0.0,49.0,127.0,0.0360359933035714,120.0119677050586,2.5411643981933594,10.642619132995604,55.562286376953125,,2048
img_4ih2ggld,Batch_1,2316,6996,0.025,Inlens+ETD,0.0,57.0,116.0,0.0467286512598859,196.01059482023328,1.7787009477615356,11.976537704467772,74.24932861328125,,2316
img_5n1q8atc,Batch_1,2316,7000,0.025,Inlens+ETD,0.0,59.0,119.0,0.0284016777695534,232.98045678977613,1.930671215057373,11.984972953796388,74.77194213867188,,2316
img_71vgq3fw,Batch_3,2060,7000,0.025,Inlens+ETD,23.0,62.0,118.0,1.3869625520110956e-07,98.84932449493198,2.411323308944702,7.303794384002685,27.07817649841309,,2060
img_9luzk4jm,Batch_3,2088,7000,0.025,Inlens+ETD,6.0,59.0,120.0,0.0095564449917898,110.86911531373497,2.2693610191345215,7.655916690826416,30.669536590576172,,2088
img_avn74qx1,Batch_2,2048,7000,0.025,Inlens+ETD,0.0,49.0,123.0,0.0429584263392857,113.73227172049155,2.4274590015411377,10.609912872314451,55.38756561279297,,2048
img_b3esycq1,Batch_2,2156,7000,0.025,Inlens+ETD,0.0,62.0,134.0,0.0233734428836469,137.3305174391199,2.232243299484253,11.00385856628418,60.90195846557617,,2156
img_cfe5vt7s,Batch_3,2080,7000,0.025,Inlens+ETD,0.0,58.0,133.0,0.0289668269230769,140.56213863301602,2.363203763961792,10.678589820861816,56.200801849365234,,2080
img_epqdaau9,Batch_2,2148,7000,0.025,Inlens+ETD,0.0,52.0,133.0,0.0352820563979781,183.54539179323916,2.622612237930298,11.136947631835938,61.35932540893555,,2148
img_f1vzngrs,Batch_1,2148,7000,0.025,Inlens+ETD,0.0,52.0,131.0,0.0271658685820697,196.05229054536997,2.5474693775177,11.069249153137209,60.926048278808594,,2148
img_ffwubibz,Batch_1,2080,7000,0.025,Inlens+ETD,0.0,59.0,128.0,0.0279485576923076,123.45560269967244,2.2869584560394287,10.604203224182127,55.66670227050781,,2080
img_fzrt2k6r,Batch_1,2156,7000,0.025,Inlens+ETD,0.0,62.0,131.0,0.0257161410018552,134.08283628346504,2.1907641887664795,10.987394332885742,60.68644714355469,,2156
img_hawkfj64,Batch_3,1904,7000,0.025,Inlens+ETD,1.0,55.0,128.0,0.0194032112845138,118.9565566152154,2.4691905975341797,9.715731620788574,47.298709869384766,,1904
img_hzumfsms,Batch_3,2088,7000,0.025,Inlens+ETD,3.0,59.0,117.0,0.0148858784893267,107.9262931171358,2.2261459827423096,7.631314277648926,30.692182540893555,,2088
img_i9jiqjwl,Batch_2,2272,7000,0.025,Inlens+ETD,0.0,56.0,127.0,0.0284941524144869,127.803114773235,2.362626791000366,11.004752159118652,59.85065078735352,,2272
img_iv6g2oq0,Batch_1,1780,6960,0.025,Inlens+ETD,0.0,57.0,135.0,0.0460952634637737,126.27934541438034,2.3102989196777344,10.891621589660645,59.28715515136719,,1780
img_kbdh4tri,Batch_3,2060,7000,0.025,Inlens+ETD,24.0,63.0,118.0,0.0,101.69341032250546,2.429727792739868,7.3534345626831055,27.452817916870117,,2060
img_mgxahqnk,Batch_3,1904,7000,0.025,Inlens+ETD,1.0,56.0,133.0,0.018828181272509,111.7516169085525,2.5116374492645264,9.784263610839844,47.818817138671875,,1904
img_pl8uabbv,Batch_3,2272,7000,0.025,Inlens+ETD,0.0,53.0,127.0,0.040077213279678,126.79679103486308,2.3554000854492188,10.983226776123049,59.46416473388672,,2272
img_ptg8lmto,Batch_3,1612,7000,0.025,Inlens+ETD,4.0,57.0,133.0,0.0100382842963488,108.32588112732672,2.554422616958618,10.017048835754396,53.46615982055664,,1612
img_r17byphk,Batch_2,2080,7000,0.025,Inlens+ETD,0.0,56.0,126.0,0.0382402472527472,132.73023061534064,2.1970458030700684,10.621308326721191,55.84285354614258,,2080
img_rxax5ozo,Batch_2,2068,7000,0.025,Inlens+SE,0.0,55.0,130.0,0.0200405498756562,103.85669738189912,2.4964585304260254,10.056476593017578,51.05375289916992,,2068
img_tuy3zymq,Batch_3,2060,7000,0.025,Inlens+ETD,24.0,63.0,116.0,0.0,94.2710399920088,2.35121750831604,7.342142581939697,27.3193359375,,2060
img_ufdvpb81,Batch_3,2088,7000,0.025,Inlens+ETD,3.0,59.0,117.0,0.0123552955665024,102.51971280245368,2.207198143005371,7.588354110717773,30.58948516845703,,2088
img_uhdslk0o,Batch_1,1880,7000,0.025,Inlens+ETD,0.0,60.0,133.0,0.0308017477203647,142.8219612898518,2.242673397064209,11.071208953857422,61.196815490722656,,1880
img_utfgcjfa,Batch_3,2068,6996,0.025,Inlens+SE,0.0,54.0,131.0,0.0211059400619088,114.14868450382173,2.548778295516968,10.03257656097412,50.68498611450195,,2068
img_vc2whyaq,Batch_3,2068,7000,0.025,Inlens+SE,1.0,55.0,131.0,0.0188474716772589,98.74332705171912,2.5131213665008545,10.096875190734863,51.315452575683594,,2068
img_x77cy643,Batch_3,2068,6996,0.025,Inlens+SE,0.0,55.0,131.0,0.0219178159832698,119.67981397705356,2.5348424911499023,10.127087593078612,51.25065994262695,,2068
img_x7u69zsw,Batch_3,2060,7000,0.025,Inlens+ETD,25.0,63.0,121.0,0.0,97.53133350166624,2.430351495742798,7.383126735687256,27.815717697143555,,2060
img_xgj4xftb,Batch_3,1612,7000,0.025,Inlens+ETD,6.0,57.0,134.0,0.0083540411201701,119.22938634718038,2.5852537155151367,9.957282066345217,50.476924896240234,,1612
img_3e122cbj,New_Images_Batch,2316,6996,0.025,Inlens+ETD,0.0,57.0,116.0,0.0338282374038557,,1.8204516172409055,11.901800155639648,73.49202728271484,205.95002970718053,2316
img_fn0mhxef,New_Images_Batch,2048,7000,0.025,Inlens+ETD,0.0,53.0,128.0,0.0367498604910714,,2.251152753829956,10.82277488708496,57.260963439941406,132.08293887539298,2048
img_xrv9xvzb,New_Images_Batch,2088,7000,0.025,Inlens+ETD,6.0,59.0,120.0,0.0075916119321291,,2.2267191410064697,7.686694622039795,31.084959030151367,114.83850339286867,2088
