image_id,batch,si_topbot_ratio,pore_topbot_ratio,si_depth_slope,pore_depth_slope,si_hotspot_ratio,si_maxpatch_frac,si_lr_asym,pore_hotspot_ratio,largest_si_cluster_frac,cracklike_frac,si_near_pore_frac
img_0grcilhi,Batch_3,1.0272246378911174,0.7063303324866829,-0.00026394462688461893,0.006562613035014207,2.24139041100782,0.2219123377148308,0.0378504002344007,2.623328939532626,0.04299736810916912,0.24956184273275742,0.024052382551959333
img_3806gxp0,Batch_2,1.8808729682835401,1.318052178306294,-0.008810565318561045,-0.00612396342134306,2.907449471619555,0.20242400768600072,0.01323606409867105,2.017282627406871,0.047183189909717045,0.1281527385242997,0.027265766893055456
img_4ih2ggld,Batch_1,0.9540377953538037,1.2940322177953913,-0.0037718594366705676,-0.006283497306668901,2.5008053086892,0.28316995351896124,0.004380389210984187,1.9307505561555576,0.04328305531176383,0.15664459514919718,0.05214370891119398
img_5n1q8atc,Batch_1,1.3232834095153327,1.0118951161066767,-0.0046914852906053866,-0.0006792889329276411,2.5427073480384164,0.2798816199930678,0.023634559294266652,1.792154543662527,0.04271045352877482,0.06761226244925084,0.04148704184970715
img_71vgq3fw,Batch_3,0.9447862085816368,0.9131231411786757,-0.0024788243928451424,-0.00020394532019933666,3.1226096737907763,0.1837808939220198,0.024147537299145115,2.460405953697788,0.061491562938858026,0.12911872254018095,0.005279780418666811
img_9luzk4jm,Batch_3,0.8462509510963547,0.6450270495214316,-0.0047856976260165305,0.008242432390957597,3.71295900917542,0.21666962148745678,0.0007922351104146935,2.117512779490381,0.07471939323492272,0.14425896027583152,0.014492579052712515
img_avn74qx1,Batch_2,1.0989133103471447,1.2762061627877892,-0.0008492039171432823,-0.0024147512307602544,3.3015675850951567,0.1882285832032909,0.004680745838096592,2.2956362052525634,0.06261729239372027,0.2197960303257605,0.0340054912451851
img_b3esycq1,Batch_2,0.6548711237117697,0.8519357581833734,0.0044491409271199085,0.0012997720039087334,2.859794164194277,0.23965295629820052,0.01115810454192849,1.8766906390129015,0.04506376722844368,0.17313703117974005,0.01485911420048657
img_cfe5vt7s,Batch_3,1.2777415447061262,0.8007762094185947,-0.006358022504116143,0.005667742538305027,2.4199442458032845,0.19738656754044714,0.004121782047617997,1.5764973365598853,0.04891173826825034,0.09797816122793136,0.022040559363785447
img_epqdaau9,Batch_2,0.8784110396029615,0.659181535860637,0.0030267227188614234,0.007891298095203125,2.45658844428985,0.2368648006362774,0.02439909673580587,2.185138790331891,0.038374018847945515,0.17605209752024098,0.04729181992958848
img_f1vzngrs,Batch_1,0.4706069930590793,0.7744871573866574,0.014841545195788472,0.004518107670484814,2.722634006308647,0.27974644729150894,0.0019891291100463393,1.6738317663002342,0.03719422508107117,0.19714533373889895,0.03194024339317998
img_ffwubibz,Batch_1,1.2845502839637462,0.970288954143222,-0.005707452114642297,-0.0015595598760860896,4.920156638747527,0.22985175168779193,0.0011497790577527645,1.656835544651811,0.045626635884719706,0.19367767925223645,0.01601326283887456
img_fzrt2k6r,Batch_1,0.7412475040395388,1.094255313761515,0.0035396929267482074,0.00046260338557940344,3.177315838697113,0.2047598627787307,0.014739567785335972,1.9928493829058136,0.07632053012811371,0.2906830726466917,0.016816729062642994
img_hawkfj64,Batch_3,0.9563086313727547,0.8684340975670045,-0.0018047807848830604,-5.938167034949376e-05,2.3949850293070702,0.1708739225649158,0.006870960730676959,1.7475113777506057,0.05505842803752952,0.21349173276761413,0.025829047817731876
img_hzumfsms,Batch_3,0.6571561727708843,0.7502134979355783,0.0074548745102400865,0.00035838294872898727,2.486734330762007,0.14733049427258926,0.021338745936167858,2.662675151854606,0.06802215422053753,0.4570015428940646,0.018618585167468726
img_i9jiqjwl,Batch_2,1.160990098494722,1.3603892078523854,-0.005869365104689135,-0.004426472838108828,3.41842088777561,0.26709669834250144,0.008306950879325675,2.150653761873836,0.06577350126674779,0.10626432058014372,0.02411123827239154
img_iv6g2oq0,Batch_1,0.9030494262445937,1.0316484605557836,-0.0016659827740598014,-0.004819946279417376,2.3095349523158206,0.1769215139904795,0.03526891687201862,1.7551112486294727,0.046831009089778934,0.30099156216034567,0.030972734841923928
img_kbdh4tri,Batch_3,1.0768363208712677,0.921970347120886,0.0035740519477494687,0.003834896419711783,3.4988701611112587,0.22445232224362385,0.007874926816815897,2.028677110631356,0.04411621544837396,0.21479475545104565,0.004841648107346709
img_mgxahqnk,Batch_3,0.8244016833813418,0.9475931122226676,0.0015388257421000298,-0.001132151833318936,5.4278947698030455,0.43063183468516486,0.046806440495603785,2.006415700512475,0.073807609260399,0.19266936545871335,0.020227744882342816
img_pl8uabbv,Batch_3,1.1121307606829804,0.8986283635145833,-0.0037687231254301787,0.00112403463445984,3.3191124567081545,0.20472175684444474,0.006369022940155941,2.4982480135623537,0.04856142773919475,0.20401230025892692,0.038677482277627594
img_ptg8lmto,Batch_3,0.6634694301011989,1.1038334550789424,0.0030162194775281577,-0.001606125745062987,3.119401623643164,0.21806194086477457,0.02617940467925256,2.167764176460659,0.07858727041700359,0.20974392716468035,0.02582534365253552
img_r17byphk,Batch_2,2.377081336859105,0.8144780888685387,-0.015276054622013376,0.003518500838421794,2.8040294511827404,0.18372926560842365,0.002740480796711145,2.1749705351433493,0.054415293339697586,0.31153349923161194,0.045592707962583336
img_rxax5ozo,Batch_2,0.5804465039990038,0.9697950017841502,0.005057783201602863,-0.0016664185268756892,4.259855188626428,0.28099037959579387,0.007342385196544135,1.5939541086315208,0.0460017813379044,0.16455281714724568,0.030367960171447626
img_tuy3zymq,Batch_3,1.5570042975053962,1.1219294655603815,-0.0041848681428188605,-0.00021755850315009217,3.2630543102650043,0.1529175754032792,0.006025993557105078,1.9293480538915517,0.04866111314762563,0.20663020878700544,0.006292269353520611
img_ufdvpb81,Batch_3,0.8326496533197808,0.5383690235947857,-1.917038459498482e-05,0.013209005059385957,3.1139657896544617,0.16757112438634886,0.03492076006390441,1.8338420884778348,0.05545798673327716,0.20889005990681161,0.009610660844181272
img_uhdslk0o,Batch_1,0.43286414261223366,1.1677737419579557,0.006223831313444174,-0.002222803283207936,3.5897949828387183,0.2359307713719647,0.0012743762655591656,2.288246050796721,0.0626069951049584,0.1728460420950272,0.02543014394665091
img_utfgcjfa,Batch_3,1.122466256152511,1.064337304267083,0.0008850114856707904,0.0033551430896389105,2.5609335133713476,0.2015387674944689,0.010331043630102399,2.315695272426214,0.045054686888198595,0.193507392161729,0.031218186326972774
img_vc2whyaq,Batch_3,0.9380482572853649,0.5925954010598451,-0.0008297964898688019,0.005580649759804953,3.031912638180936,0.1729982350162826,0.009257549683993713,1.8878366839127143,0.049860776658736325,0.2760092330716451,0.018776089295969037
img_x77cy643,Batch_3,0.7461593059538615,0.5153871734283495,0.00591626386376068,0.008831256048790188,3.6686180974513936,0.24363500653106923,0.02746551479051676,1.7017507596607526,0.04736126890775023,0.22499729134987914,0.019882789069003953
img_x7u69zsw,Batch_3,0.6739072531365411,1.0146393308120216,0.003375840650327769,0.0007426903797915928,3.507859146090899,0.25555217599425584,0.005883234322150294,2.0172756640994987,0.0744555948603499,0.15825857314847178,0.004417993836063582
img_xgj4xftb,Batch_3,2.237761253898977,1.8293879737038927,-0.014824178534204126,-0.009804716417520806,2.5564822113120225,0.20618309480873268,0.002832251965644919,2.6297266941220516,0.076771194215453,0.23062710376115908,0.02601115714367376
img_3e122cbj,New_Images_Batch,1.4604868942629754,1.333149103714754,-0.008382653038546083,-0.0030214964841387706,1.9921251270140803,0.2439365795998898,0.01352059475602825,1.8376092610393946,0.039910091785953894,0.19926886597006155,0.059504053380591476
img_fn0mhxef,New_Images_Batch,1.2557064214922253,1.7279410071738004,-0.0045171755020457696,-0.00694296648563959,2.5089851565975665,0.2035522318298668,0.02285460466383253,1.8137720946504474,0.04914196379479261,0.1475454502619839,0.021320289776903343
img_xrv9xvzb,New_Images_Batch,0.9581886440834061,0.5202703237604663,-0.0015619522537755255,0.013711635179837919,4.521681522524693,0.18502691192996984,0.006995430549943664,1.6019957456108305,0.05346844580918482,0.12464125434169274,0.010358729106717559
