pore_frac,bright_frac,tau_tp,d_eff_tp,spans_tp,spanning_frac_tp,src_frac_tp,conv_tp,iter_tp,tau_ip,d_eff_ip,spans_ip,spanning_frac_ip,conv_ip,iter_ip,tau_anisotropy,si_accessible_frac,si_target_frac,si_spans,voxel_nm,volume_um3,batch,realization
0.080108642578125,0.054080963134765625,inf,0.0,False,0.0,0.6695714285714286,False,0,39.191687222871664,0.0020440212773328837,True,0.668047619047619,True,734,,,0.054080963134765625,False,100.0,262.144,Batch_1,0
0.12378692626953125,0.09302520751953125,45.602084970395296,0.002714501460840952,True,0.9278582434514638,0.9412634822804314,True,1072,15.493399311583085,0.007989655709511495,True,0.9278582434514638,True,1143,2.943323414914023,0.3809562863938325,0.09302520751953125,True,100.0,262.144,Batch_1,1
0.08359146118164062,0.15143203735351562,33.90355328017152,0.0024655663815193393,True,0.5809336923287546,0.5853602884132707,True,586,57.69777912971943,0.0014487812606045988,True,0.16478802537306622,True,335,0.5876058626788325,0.11058770184144898,0.15143203735351562,True,100.0,262.144,Batch_1,2
0.12037277221679688,0.041675567626953125,30.0995139259267,0.00399916000348138,True,0.8154650610045951,0.9084455712248455,True,696,31.471690345703642,0.0038247952650318816,True,0.8154650610045951,True,907,0.956399659354037,0.3637528604118993,0.041675567626953125,True,100.0,262.144,Batch_1,3
0.07927703857421875,0.021533966064453125,inf,0.0,False,0.0,0.17722067173515543,False,0,inf,0.0,False,0.0,False,0,,,0.021533966064453125,False,100.0,262.144,Batch_1,4
0.1414031982421875,0.0650177001953125,inf,0.0,False,0.0,0.3095662026545808,False,0,15.324992950504917,0.009226966609307878,True,0.9782022229416208,True,834,,,0.0650177001953125,False,100.0,262.144,Batch_1,5
0.11656570434570312,0.06969070434570312,inf,0.0,False,0.0,0.028635009981346337,False,0,11.588514441939205,0.010058727106888533,True,0.9334031482148116,True,766,,,0.06969070434570312,False,100.0,262.144,Batch_1,6
0.07655715942382812,0.040370941162109375,inf,0.0,False,0.0,0.8647167272908466,False,0,inf,0.0,False,0.0,False,0,,,0.040370941162109375,False,100.0,262.144,Batch_1,7
0.18764495849609375,0.25461578369140625,16.798646606693087,0.011170242632601744,True,0.9707257572677374,0.9727180321203497,True,718,14.954518772489397,0.012547709582022044,True,0.9707257572677374,True,758,1.1233157590865566,0.08521858987804512,0.25461578369140625,True,100.0,262.144,Batch_1,8
0.10079193115234375,0.11248397827148438,inf,0.0,False,0.0,0.05048822950571494,False,0,inf,0.0,False,0.0,False,0,,,0.11248397827148438,False,100.0,262.144,Batch_1,9
0.054019927978515625,0.044948577880859375,inf,0.0,False,0.0,0.5687451451168702,False,0,inf,0.0,False,0.0,False,0,,,0.044948577880859375,False,100.0,262.144,Batch_1,10
0.13813400268554688,0.14085006713867188,22.015543391559262,0.006274385338974068,True,0.8881003010135042,0.8955289829057469,True,633,57.1144263158243,0.0024185483702788245,True,0.8881003010135042,True,545,0.3854637928046485,0.0885085177260786,0.14085006713867188,True,100.0,262.144,Batch_1,11
0.15792465209960938,0.09585952758789062,13.172581015304864,0.011988892071805899,True,0.9148047054276673,0.9425106886639774,True,866,11.94115490103768,0.013225241059881555,True,0.9148047054276673,True,798,1.1031245406723746,0.5905129531616857,0.09585952758789062,True,100.0,262.144,Batch_2,0
0.0942535400390625,0.06166839599609375,18.31096592576819,0.005147382198250054,True,0.8523555123846528,0.8635259834871297,True,568,inf,0.0,False,0.0,False,0,,0.4910924161821106,0.06166839599609375,True,100.0,262.144,Batch_2,1
0.14275360107421875,0.09626007080078125,12.540683782463427,0.011383239028308947,True,0.5085511196622308,0.5393084281973171,True,636,99.55848421205317,0.001433866758860679,True,0.31468120357009244,True,591,0.12596298428723138,0.32630577791868115,0.09626007080078125,True,100.0,262.144,Batch_2,2
0.10042190551757812,0.0646514892578125,inf,0.0,False,0.0,0.40607787274453944,False,0,inf,0.0,False,0.0,False,0,,,0.0646514892578125,False,100.0,262.144,Batch_2,3
0.24273300170898438,0.170867919921875,inf,0.0,False,0.0,0.7145102230045104,False,0,inf,0.0,False,0.0,False,0,,,0.170867919921875,False,100.0,262.144,Batch_2,4
0.10465621948242188,0.14846420288085938,inf,0.0,False,0.0,0.3587023874612721,False,0,inf,0.0,False,0.0,False,0,,,0.14846420288085938,False,100.0,262.144,Batch_2,5
0.05927276611328125,0.02552032470703125,inf,0.0,False,0.0,0.1985455013515253,False,0,inf,0.0,False,0.0,False,0,,,0.02552032470703125,False,100.0,262.144,Batch_2,6
0.0934906005859375,0.053417205810546875,inf,0.0,False,0.0,0.3146727599151298,False,0,inf,0.0,False,0.0,False,0,,,0.053417205810546875,False,100.0,262.144,Batch_2,7
0.13596725463867188,0.089019775390625,inf,0.0,False,0.0,0.008332631933338944,False,0,inf,0.0,False,0.0,False,0,,,0.089019775390625,False,100.0,262.144,Batch_2,8
0.12962722778320312,0.08312225341796875,inf,0.0,False,0.0,0.031076189635384478,False,0,inf,0.0,False,0.0,False,0,,,0.08312225341796875,False,100.0,262.144,Batch_2,9
0.10311126708984375,0.0525360107421875,inf,0.0,False,0.0,0.013022567517573067,False,0,inf,0.0,False,0.0,False,0,,,0.0525360107421875,False,100.0,262.144,Batch_2,10
0.141143798828125,0.10233688354492188,inf,0.0,False,0.0,0.81,False,0,inf,0.0,False,0.0,False,0,,,0.10233688354492188,False,100.0,262.144,Batch_2,11
0.1392059326171875,0.07909393310546875,13.274272672891895,0.010486897176782228,True,0.6866984544557712,0.976679820234572,True,675,inf,0.0,False,0.0,False,0,,0.16943185106588213,0.07909393310546875,True,100.0,262.144,Batch_3,0
0.09682464599609375,0.037448883056640625,12.967358678630017,0.00746679785727367,True,0.646915136711055,0.7470648491056654,True,511,inf,0.0,False,0.0,False,0,,0.16950188448609554,0.037448883056640625,True,100.0,262.144,Batch_3,1
0.16461563110351562,0.11363983154296875,14.243155067923464,0.011557525725057997,True,0.7456492016777513,0.9478135934929205,True,599,inf,0.0,False,0.0,False,0,,0.19308492782813025,0.11363983154296875,True,100.0,262.144,Batch_3,2
0.08835220336914062,0.09015655517578125,inf,0.0,False,0.0,0.6732869910625621,False,0,inf,0.0,False,0.0,False,0,,,0.09015655517578125,False,100.0,262.144,Batch_3,3
0.07683944702148438,0.05092620849609375,inf,0.0,False,0.0,0.00014893511393536217,False,0,inf,0.0,False,0.0,False,0,,,0.05092620849609375,False,100.0,262.144,Batch_3,4
0.08128738403320312,0.044586181640625,34.31413084272576,0.0023689186360503493,True,0.8749824018020554,0.8750293303299076,True,670,66.93555099161908,0.001214412712362389,True,0.8749824018020554,True,660,0.5126443322625699,0.1504106776180698,0.044586181640625,True,100.0,262.144,Batch_3,5
0.10834503173828125,0.1131591796875,inf,0.0,False,0.0,7.041757622702627e-05,False,0,inf,0.0,False,0.0,False,0,,,0.1131591796875,False,100.0,262.144,Batch_3,6
0.08816909790039062,0.05702972412109375,inf,0.0,False,0.0,0.0,False,0,inf,0.0,False,0.0,False,0,,,0.05702972412109375,False,100.0,262.144,Batch_3,7
0.06232452392578125,0.03482818603515625,inf,0.0,False,0.0,0.27371771330640227,False,0,inf,0.0,False,0.0,False,0,,,0.03482818603515625,False,100.0,262.144,Batch_3,8
0.10109329223632812,0.04648590087890625,inf,0.0,False,0.0,0.7457077091430512,False,0,inf,0.0,False,0.0,False,0,,,0.04648590087890625,False,100.0,262.144,Batch_3,9
0.16157150268554688,0.1055450439453125,17.940531535108345,0.00900594847869267,True,0.9631684570888915,0.9638531460276236,True,811,inf,0.0,False,0.0,False,0,,0.07369524360271794,0.1055450439453125,True,100.0,262.144,Batch_3,10
0.063934326171875,0.007015228271484375,inf,0.0,False,0.0,0.3827565632458234,False,0,inf,0.0,False,0.0,False,0,,,0.007015228271484375,False,100.0,262.144,Batch_3,11
