image_id,max_abs_robust_z,mean_abs_robust_z,outlier
0grcilhi,23719.140970953027,1130.6443476936004,True
71vgq3fw,2.2222487088560885,0.678072802882441,False
9luzk4jm,23718.283985985432,1130.8320960165008,True
cfe5vt7s,1.219978558354279,0.4720853243697032,False
hawkfj64,2.1839209868992873,0.6730538120251749,False
hzumfsms,23718.283985985432,1131.1046588918655,True
kbdh4tri,3.6445811550115312,1.1864213310826213,True
mgxahqnk,2.0187187704741385,0.6262606911090245,False
pl8uabbv,1.0430230197809702,0.41899211296894867,False
ptg8lmto,1.9221091876668202,0.6864040575688316,False
tuy3zymq,4.243422724740808,1.1433265123243657,True
ufdvpb81,2.3458829089284134,0.7655235984679595,False
utfgcjfa,2.1604785017822876,0.7065696781736145,False
vc2whyaq,3.211564198526633,0.9679527530668475,False
x77cy643,3.7662348932405982,0.8191056263009033,True
x7u69zsw,4.640324708695299,0.959688633188939,True
xgj4xftb,1.3481822386465094,0.5581325394641977,False
