batch,feature,mean_batch,mean_b3,delta,pct_delta,std_delta,ci_lo,ci_hi,p_mw,mdd,n_batch,n_b3,p_holm,classification,abs_std_delta
Batch_1,si_share_of_solid,0.1074012785175853,0.0752321991838659,0.0321690793337193,42.7597221438374,2.167510801459395,-0.0066678808886183,0.0802504511714721,0.3492649608210249,0.0434591660300452,7,17,1.0,undetermined,2.167510801459395
Batch_1,silicon_frac,0.0969010886118482,0.0667599023845521,0.0301411862272961,45.14863735671157,2.1461857848192807,-0.00483428381891,0.0690108729574998,0.2877805515105286,0.0369225783882049,7,17,1.0,undetermined,2.1461857848192807
Batch_1,crack_len_density,0.1012327525074066,0.1282632109126664,-0.0270304584052597,-21.074209988134957,-1.6849841529564853,-0.047339724771644,-0.0101265481235551,0.0053683285948732,0.0186065883240444,7,17,0.2845214155282805,suggestive,1.6849841529564853
Batch_1,corr_len_gr_um,1.1000037526460795,0.935296067730594,0.1647076849154857,17.610218902676785,1.5801883027556327,0.0201596479683902,0.3479020879441337,0.0751641357574749,0.1638712199878717,7,17,1.0,suggestive,1.5801883027556327
Batch_1,etd_roughness,0.0357649022979395,0.0303030880715916,0.0054618142263478,18.023952586760224,1.5781881102931044,0.0020783504760753,0.0090496932856832,0.0160240852460532,0.0034856714048039,7,17,0.8332524327947667,suggestive,1.5781881102931044
Batch_1,pores_per_mm2,171815.32196442457,154974.6378085737,16840.684155850875,10.866735611702262,1.297018613688416,-4600.012131651086,41576.87972839482,0.4180708688717842,23088.445930022957,7,17,1.0,undetermined,1.297018613688416
Batch_1,bse_bulk_texture,13.94523184640067,11.815763754003187,2.1294680923974827,18.02226361944667,1.232129960115942,1.2353836372119038,2.9933702066165067,0.0002600374453921,0.8789932847023014,7,17,0.0140420220511753,different,1.232129960115942
Batch_1,si_per_mm2,75014.62714933083,42457.39815506658,32557.228994264253,76.68211056022776,1.1299948103854038,-12887.782671138464,88784.01544332229,0.4551233155352149,50835.89905723038,7,17,1.0,undetermined,1.1299948103854038
Batch_1,si_clarkevans_R,0.725281423421034,0.6792525343252261,0.0460288890958078,6.776402997382,1.0608212938331836,-0.001242023693308,0.0920824739036498,0.0994903266070314,0.0466622487984789,7,17,1.0,undetermined,1.0608212938331836
Batch_1,gr_sv,0.5845695339297484,0.6343175526326972,-0.0497480187029487,-7.842762429712463,-1.0578751088126177,-0.0829490971316518,-0.0205323622768243,0.0160240852460532,0.0312083674274137,7,17,0.8332524327947667,suggestive,1.0578751088126177
Batch_1,inlens_bulk_texture,40.373290470668245,50.93342500574448,-10.560134535076235,-20.73321111605045,-0.9389916015861964,-15.6937623737239,-5.126134081447828,0.0337239673624112,5.283814146138036,7,17,1.0,suggestive,0.9389916015861964
Batch_1,inlens_edge_density,0.0469279576625142,0.0401503974023986,0.0067775602601155,16.88043132472366,0.907506678528766,0.0023477652082767,0.0111492544796098,0.0282631810091764,0.0044007446356665,7,17,1.0,suggestive,0.907506678528766
Batch_1,si_dmax_um,7.653082267409418,6.995129626970331,0.6579526404390865,9.405867732633473,0.8637413666595041,-0.6071231943703979,1.970323956904512,0.4938746735085408,1.2887235756374549,7,17,1.0,undetermined,0.8637413666595041
Batch_1,si_solidity,0.882121511714411,0.8959446777192572,-0.0138231660048462,-1.542859324755953,-0.7799457015193876,-0.0365372044156372,0.0067164905724656,0.3492649608210249,0.0216268474940514,7,17,1.0,equivalent,0.7799457015193876
Batch_1,graphite_frac,0.8043863132179462,0.8189933047475388,-0.0146069915295926,-1.7835300294787368,-0.7594175838397298,-0.0569049635465541,0.0196855200699124,0.6640027275038718,0.0382952418082332,7,17,1.0,equivalent,0.7594175838397298
Batch_1,crack_frac,0.0407718686955761,0.0469801821666868,-0.0062083134711106,-13.214749676966791,-0.756813485180838,-0.0157282461680918,0.0023939699804182,0.2337043200887594,0.009061108074255,7,17,1.0,undetermined,0.756813485180838
Batch_1,pore_largest_cc_frac,0.0441355588072005,0.0762006480049862,-0.0320650891977857,-42.07981170407831,-0.7376606296002646,-0.0559060596215435,-0.0110358510226387,0.0645470725562258,0.0224351042994524,7,17,1.0,suggestive,0.7376606296002646
Batch_1,pore_frac,0.0987125981702053,0.1142467928679089,-0.0155341946977035,-13.597051004892611,-0.7144322117186476,-0.0306281715189539,-0.0026150810925282,0.1661697062154728,0.0140065452132128,7,17,1.0,suggestive,0.7144322117186476
Batch_1,ring_porosity_250nm,0.0964644953799402,0.0835501028696868,0.0129143925102533,15.457063566272211,0.5984043015584802,-0.0079798920250318,0.0345835331780439,0.3492649608210249,0.0212817126015378,7,17,1.0,undetermined,0.5984043015584802
Batch_1,pore_depth_slope,-0.0008796507491185,0.0208036072072223,-0.0216832579563409,-104.22835684387088,-0.5852247365831406,-0.0442592058543076,-0.0014920073580459,0.1138559508124725,0.0213835992481308,7,17,1.0,suggestive,0.5852247365831406
Batch_1,si_d50_um,0.6522382797581064,0.7630138936430334,-0.1107756138849269,-14.51816471598248,-0.53985250758162,-0.2297549964617271,0.0184196827716094,0.3492649608210249,0.1240873396166682,7,17,1.0,undetermined,0.53985250758162
Batch_1,large_gap_frac,0.0042528986205789,0.0147612209881673,-0.0105083223675884,-71.18870705893445,-0.5205461895428815,-0.0210715609234176,-0.0014564115558019,0.1707050830851092,0.0098075746838078,7,17,1.0,suggestive,0.5205461895428815
Batch_1,gr_st_coherence,0.1046682713287216,0.1084279523176305,-0.0037596809889088,-3.467446270584511,-0.4631517348700099,-0.0093620328717873,0.0025240369626328,0.2337043200887594,0.00594303491721,7,17,1.0,equivalent,0.4631517348700099
Batch_1,si_d50_area_um,3.2982506364456947,3.0581018030688463,0.2401488333768484,7.852872430075933,0.4159805665680641,-0.1701954049279486,0.6589087000797932,0.4180708688717842,0.4145520525038709,7,17,1.0,undetermined,0.4159805665680641
Batch_1,gr_chord_v_um,2.9331123610465157,3.054268287126157,-0.1211559260796417,-3.966774189101791,-0.3937046569460594,-0.6755242826029039,0.3708351646185276,0.8524952037537852,0.5231797236107157,7,17,1.0,undetermined,0.3937046569460594
Batch_1,pore_chord_h_um,0.6342490603975002,0.6695392075684777,-0.0352901471709775,-5.270811144748118,-0.3709961360855744,-0.1162159975382392,0.039061444453184,0.756524050574394,0.0776387209957116,7,17,1.0,undetermined,0.3709961360855744
Batch_1,lineal_path_pore_um,0.6342490603975002,0.6695392075684777,-0.0352901471709775,-5.270811144748118,-0.3709961360855744,-0.1093559608603836,0.038952607764044,0.756524050574394,0.0741542843122138,7,17,1.0,undetermined,0.3709961360855744
Batch_1,corr_len_si_um,1.657148626511799,1.56470804459203,0.0924405819197689,5.907848575283011,0.3495811141693983,-0.0886543036643852,0.2890816920728564,0.7507711300260866,0.1888679978686208,7,17,1.0,undetermined,0.3495811141693983
Batch_1,pore_chord_v_um,0.5388185975713179,0.5654789923283493,-0.0266603947570314,-4.714656975541696,-0.3367359644842973,-0.0856345437911604,0.030185178253327,0.6640027275038718,0.0579098610222437,7,17,1.0,undetermined,0.3367359644842973
Batch_1,gr_chord_ratio_hv,1.187459651272352,1.1996279538324088,-0.0121683025600567,-1.014339697669023,-0.3215758614925716,-0.0785722044163777,0.0486189477117022,1.0,0.0635955760640399,7,17,1.0,equivalent,0.3215758614925716
Batch_1,gr_chord_h_um,3.531238961687932,3.6681007085735886,-0.136861746885657,-3.731133841711732,-0.3198320433934724,-0.9156616411757248,0.5739062720749191,0.709751982063195,0.744783956625322,7,17,1.0,undetermined,0.3198320433934724
Batch_1,pore_anisotropy,1.1753401994246802,1.1843006842226107,-0.0089604847979305,-0.75660555780328,-0.2593321834498983,-0.0565947780393952,0.0405172145822625,0.8041571319603358,0.0485559963108288,7,17,1.0,equivalent,0.2593321834498983
Batch_1,pore_thick_d90_um,0.9018363915965248,0.9720945763070208,-0.0702581847104959,-7.2275050620492305,-0.2559411810086709,-0.2456898940067582,0.1052784808276928,0.7268002903898674,0.1754841874172255,7,17,1.0,undetermined,0.2559411810086709
Batch_1,pore_patchiness_cv,0.119733643219879,0.1098957451992301,0.0098378980206489,8.952028127034245,0.2448772609612422,-0.0151417973884896,0.0372458232550471,0.901364907657814,0.0261938103217684,7,17,1.0,undetermined,0.2448772609612422
Batch_1,pore_thick_d50_um,0.2589621389728003,0.26965970996863,-0.0106975709958296,-3.967063154178316,-0.2326451687417133,-0.0438909132105347,0.022632577354242,0.7748420076653084,0.0332617452823884,7,17,1.0,undetermined,0.2326451687417133
Batch_1,pore_depth_cv,0.1900785094678946,0.2060294784754614,-0.0159509690075668,-7.742080951521043,-0.2252627810056402,-0.0725720076835867,0.0403582872024116,0.6640027275038718,0.0564651474429991,7,17,1.0,undetermined,0.2252627810056402
Batch_1,si_no_pore_share,0.1786672245642885,0.187285707398467,-0.0086184828341785,-4.601783528436542,-0.1743103835161624,-0.0605464278153275,0.0469362595107023,0.6194091949240692,0.0537413436630149,7,17,1.0,undetermined,0.1743103835161624
Batch_1,si_sv,2.2605204038203106,2.163733019105378,0.0967873847149327,4.473166692023339,0.1656237141497522,-0.3736429017425192,0.614666354912181,0.8041571319603358,0.4941546283273501,7,17,1.0,undetermined,0.1656237141497522
Batch_1,si_large_area_frac,0.7168951203331443,0.7017906730441427,0.0151044472890016,2.152272446637596,0.1633347218669255,-0.0511566476099433,0.0808745618401907,0.8524952037537852,0.066015604725067,7,17,1.0,undetermined,0.1633347218669255
Batch_1,compact_pore_frac,0.0536878308540501,0.0525053897130546,0.0011824411409955,2.2520376431022378,0.1468471777920874,-0.0041066460703678,0.0062477864561157,0.4938746735085408,0.0051772162632418,7,17,1.0,undetermined,0.1468471777920874
Batch_1,corr_len_pore_um,0.6357172396683578,0.6529427081311789,-0.0172254684628211,-2.638128621134776,-0.1320244790379585,-0.1163976731144433,0.0840348847034966,0.924004577296109,0.1002162789089699,7,17,1.0,undetermined,0.1320244790379585
Batch_1,si_d90_um,2.3083958191641423,2.3673915304496647,-0.0589957112855223,-2.492013278188787,-0.1121345719123426,-0.6637444455530042,0.4757679988458761,0.9505928853754944,0.5697562221994401,7,17,1.0,undetermined,0.1121345719123426
Batch_1,si_pore_dist_mean_um,0.9841382557974796,0.9949603523110508,-0.0108220965135713,-1.0876912319605758,-0.1110295916760181,-0.0761896017950978,0.049958855390187,0.9505928853754944,0.0630742285926424,7,17,1.0,equivalent,0.1110295916760181
Batch_1,si_patchiness_cv,0.2893438749027981,0.3044487181816789,-0.0151048432788807,-4.96137522571764,-0.1089716275583822,-0.1239146539294415,0.0912302661388453,0.9505928853754944,0.1075724600341434,7,17,1.0,undetermined,0.1089716275583822
Batch_1,si_aspect,1.5273985695972296,1.5338109738910757,-0.006412404293846,-0.4180700492433314,-0.085530882945349,-0.0684453825029714,0.0539662138180707,0.901364907657814,0.061205798160521,7,17,1.0,equivalent,0.085530882945349
Batch_1,pore_thick_d10_um,0.0529588773064013,0.0536549751290923,-0.0006960978226909,-1.297359324118952,-0.0855288835532372,-0.006091908904591,0.0064391765929558,1.0,0.0062655427487734,7,17,1.0,undetermined,0.0855288835532372
Batch_1,si_d99_um,5.157942491487331,5.107771859701487,0.0501706317858445,0.9822410468578896,0.0661432249086495,-0.4883389446315873,0.5488239499122047,0.9505928853754944,0.518581447271896,7,17,1.0,undetermined,0.0661432249086495
Batch_1,ring_porosity_500nm,0.2019540162621802,0.1999765072154329,0.0019775090467473,0.9888706800029082,0.0486030156619761,-0.0241984766320491,0.0263990565577749,0.5761158495712273,0.025298766594912,7,17,1.0,undetermined,0.0486030156619761
Batch_1,si_cracked_share,7.037297677691429e-05,0.0,7.037297677691429e-05,,,0.0,0.0002111189303307,0.1424528943708715,0.0001055594651653,7,17,1.0,suggestive,
Batch_1,tau_x,inf,inf,,,,,,1.0,,7,17,1.0,suggestive,
Batch_1,tau_y,inf,inf,,,,,,1.0,,7,17,1.0,suggestive,
Batch_1,pore_percolates_x,0.0,0.0,0.0,,,0.0,0.0,1.0,0.0,7,17,1.0,suggestive,
Batch_1,pore_percolates_y,0.0,0.0,0.0,,,0.0,0.0,1.0,0.0,7,17,1.0,suggestive,
Batch_2,crack_len_density,0.1100905403286269,0.1282632109126664,-0.0181726705840394,-14.16826419261646,-1.132820668148439,-0.030989363964122,-0.0043134564006329,0.0282631810091764,0.0133379537817445,7,17,1.0,suggestive,1.132820668148439
Batch_2,gr_st_coherence,0.0992856568523815,0.1084279523176305,-0.0091422954652489,-8.431677689962632,-1.1262311929962958,-0.0148787226167922,-0.0036123179619302,0.0160240852460532,0.0056332023274309,7,17,0.8492765180408199,suggestive,1.1262311929962958
Batch_2,bse_bulk_texture,13.60953153882708,11.815763754003187,1.793767784823892,15.181141246296182,1.0378906530991967,0.96836875306458,2.623400312912563,0.0010459283914661,0.8275157799239916,7,17,0.056480133139172,suggestive,1.0378906530991967
Batch_2,compact_pore_frac,0.0595944151910163,0.0525053897130546,0.0070890254779617,13.501519590091124,0.880384949950614,-0.0014809732150374,0.0154638845323898,0.1138559508124725,0.0084724288737136,7,17,1.0,undetermined,0.880384949950614
Batch_2,etd_roughness,0.0332779117992945,0.0303030880715916,0.0029748237277028,9.816899586850088,0.8595736220083412,0.0009921078714972,0.0049400855211869,0.1471234079929732,0.0019739888248448,7,17,1.0,suggestive,0.8595736220083412
Batch_2,gr_chord_v_um,3.306332949685049,3.054268287126157,0.252064662558892,8.252865788554104,0.8191017535183389,0.0127260058244595,0.5091930732658762,0.1869206943577653,0.2482335337207082,7,17,1.0,suggestive,0.8191017535183389
Batch_2,inlens_edge_density,0.0455956001366887,0.0401503974023986,0.00544520273429,13.562014541765752,0.7291057043625716,0.0013135757215101,0.0095807009075275,0.1661697062154728,0.0041335625930086,7,17,1.0,suggestive,0.7291057043625716
Batch_2,gr_sv,0.6033211563141494,0.6343175526326972,-0.0309963963185477,-4.886573954937726,-0.6591280815438614,-0.0680740081144023,0.006185273866287,0.1471234079929732,0.0371296409903446,7,17,1.0,undetermined,0.6591280815438614
Batch_2,si_d50_area_um,3.433916677453648,3.0581018030688463,0.3758148743848011,12.289155122555629,0.6509783211229482,-0.0871975520978685,0.8066704915411502,0.1297008991517,0.4469340218195094,7,17,1.0,undetermined,0.6509783211229482
Batch_2,si_patchiness_cv,0.3898603967672608,0.3044487181816789,0.0854116785855819,28.054537097644403,0.6161897515995922,-0.0332565528270808,0.2071132502973305,0.2094110440792363,0.1201849015622057,7,17,1.0,undetermined,0.6161897515995922
Batch_2,gr_chord_h_um,3.924501759877488,3.6681007085735886,0.2564010513038988,6.990022130652057,0.5991832928690652,-0.0577472585884271,0.5833511347401444,0.3827635623974297,0.3205491966642858,7,17,1.0,undetermined,0.5991832928690652
Batch_2,crack_frac,0.042177257626394,0.0469801821666868,-0.0048029245402928,-10.223299099292417,-0.5854920305351964,-0.010655293207477,0.0009706227408773,0.1661697062154728,0.0058129579741771,7,17,1.0,undetermined,0.5854920305351964
Batch_2,si_large_area_frac,0.7483331465517071,0.7017906730441427,0.0465424735075644,6.631959542248994,0.5032956069099086,-0.01572959397708,0.1081642034130783,0.2094110440792363,0.0619468986950792,7,17,1.0,undetermined,0.5032956069099086
Batch_2,pore_largest_cc_frac,0.0543648818352613,0.0762006480049862,-0.0218357661697248,-28.655617427683847,-0.5023340157019026,-0.0486466490629436,-0.0013399532287641,0.2598120796061299,0.0236533479170897,7,17,1.0,suggestive,0.5023340157019026
Batch_2,pore_anisotropy,1.1674524242846345,1.1843006842226107,-0.0168482599379762,-1.4226336404623148,-0.4876182634734146,-0.0494452672176639,0.0144439026031366,0.4180708688717842,0.0319445849104002,7,17,1.0,equivalent,0.4876182634734146
Batch_2,pore_thick_d10_um,0.0499997561435895,0.0536549751290923,-0.0036552189855027,-6.812451178494516,-0.4491133124998053,-0.0073106698246421,-3.288354317777104e-07,0.291928296761336,0.0036551704946051,7,17,1.0,suggestive,0.4491133124998053
Batch_2,graphite_frac,0.8275504251413247,0.8189933047475388,0.0085571203937858,1.0448339863319964,0.4448847444670051,-0.0053043411146677,0.0218891949575846,0.3827635623974297,0.0135967680361261,7,17,1.0,equivalent,0.4448847444670051
Batch_2,si_pore_dist_mean_um,1.037982507509145,0.9949603523110508,0.043022155198094,4.324006991651883,0.4413869640394026,-0.0392472496615244,0.1356645525114921,0.4180708688717842,0.0874559010865082,7,17,1.0,undetermined,0.4413869640394026
Batch_2,pore_depth_slope,0.0046614751559076,0.0208036072072223,-0.0161421320513146,-77.59294765818615,-0.4356713828079664,-0.0409358830605489,0.0095336213042523,0.2877805515105286,0.0252347521824006,7,17,1.0,undetermined,0.4356713828079664
Batch_2,si_aspect,1.5663469970307553,1.5338109738910757,0.0325360231396796,2.121253772043372,0.4339768141783857,-0.0463433584048987,0.1089741094164214,0.3827635623974297,0.07765873391066,7,17,1.0,equivalent,0.4339768141783857
Batch_2,si_d50_um,0.6748100465049477,0.7630138936430334,-0.0882038471380857,-11.559926742218773,-0.4298515384920889,-0.1997653367477714,0.0186255023019765,0.5761158495712273,0.109195419524874,7,17,1.0,undetermined,0.4298515384920889
Batch_2,si_no_pore_share,0.2084049196624714,0.187285707398467,0.0211192122640044,11.276467679976983,0.4271399108319668,-0.0263599396569027,0.0858579982340592,0.756524050574394,0.056108968945481,7,17,1.0,undetermined,0.4271399108319668
Batch_2,large_gap_frac,0.0069593448364899,0.0147612209881673,-0.0078018761516774,-52.85386729140776,-0.3864781417981164,-0.0191817179594945,0.0021008623430958,0.4730110257924387,0.0106412901512951,7,17,1.0,undetermined,0.3864781417981164
Batch_2,si_d99_um,5.362004219980245,5.107771859701487,0.2542323602787588,4.97736326644818,0.3351711466730872,-0.1436079421397122,0.6710965125231538,0.6194091949240692,0.407352227331433,7,17,1.0,undetermined,0.3351711466730872
Batch_2,gr_chord_ratio_hv,1.1874891327891248,1.1996279538324088,-0.012138821043284,-1.011882142668029,-0.3207967434432374,-0.0393953968898952,0.0167912925168251,0.5342324850334005,0.0280933447033602,7,17,1.0,equivalent,0.3207967434432374
Batch_2,pore_thick_d90_um,0.8846591956592064,0.9720945763070208,-0.0874353806478143,-8.994534356932697,-0.3185154110820795,-0.2379484177958995,0.0343543613731713,0.709751982063195,0.1361513895845354,7,17,1.0,undetermined,0.3185154110820795
Batch_2,pore_depth_cv,0.184055435008149,0.2060294784754614,-0.0219740434673123,-10.665485167419629,-0.3103218455905371,-0.0728426444907867,0.0344720149490033,0.4551233155352149,0.053657329719895,7,17,1.0,undetermined,0.3103218455905371
Batch_2,corr_len_si_um,1.6428486978486017,1.56470804459203,0.0781406532565716,4.993944622873426,0.2955032958475475,-0.0643027029542591,0.2273016791245547,0.5675110629772089,0.1458021910394069,7,17,1.0,undetermined,0.2955032958475475
Batch_2,si_per_mm2,34204.78570375026,42457.39815506658,-8252.612451316316,-19.43739562461037,-0.286431294375584,-24303.33777720408,5544.01548541956,0.901364907657814,14923.67663131182,7,17,1.0,undetermined,0.286431294375584
Batch_2,corr_len_gr_um,0.9642816483911304,0.935296067730594,0.0289855806605363,3.099080778866855,0.2780846293350645,-0.0353232631684482,0.0983175343376835,0.6794753120427586,0.0668203987530658,7,17,1.0,undetermined,0.2780846293350645
Batch_2,si_sv,2.004476389080831,2.163733019105378,-0.1592566300245468,-7.360271744172644,-0.2725218234310746,-0.5101434850830591,0.1617948906986206,0.8041571319603358,0.3359691878908398,7,17,1.0,undetermined,0.2725218234310746
Batch_2,inlens_bulk_texture,47.89558628627232,50.93342500574448,-3.0378387194721626,-5.964332300703403,-0.270120142417024,-10.488161948548647,4.645775551355182,0.5342324850334005,7.566968749951915,7,17,1.0,undetermined,0.270120142417024
Batch_2,si_share_of_solid,0.0714338238450166,0.0752321991838659,-0.0037983753388492,-5.048869207672819,-0.2559295990271948,-0.0162004907916334,0.0089460154637992,0.6640027275038718,0.0125732531277163,7,17,1.0,undetermined,0.2559295990271948
Batch_2,pore_frac,0.1087310176539004,0.1142467928679089,-0.0055157752140084,-4.827947529683177,-0.2536756852976425,-0.0185154988073784,0.0070917515002295,1.0,0.0128036251538039,7,17,1.0,undetermined,0.2536756852976425
Batch_2,pore_thick_d50_um,0.2595136602309629,0.26965970996863,-0.010146049737667,-3.762538251949983,-0.2206509734033614,-0.0377992105997079,0.0159900800688638,0.9240375833307632,0.0268946453342858,7,17,1.0,undetermined,0.2206509734033614
Batch_2,silicon_frac,0.0637185572047745,0.0667599023845521,-0.0030413451797776,-4.55564653503953,-0.2165572297767169,-0.0145962262916087,0.0088225067098131,0.709751982063195,0.0117093665007109,7,17,1.0,undetermined,0.2165572297767169
Batch_2,si_d90_um,2.47286123577423,2.3673915304496647,0.1054697053245652,4.455101911449866,0.2004688137253353,-0.2865344262109599,0.4862892085683904,0.756524050574394,0.3864118173896751,7,17,1.0,undetermined,0.2004688137253353
Batch_2,pores_per_mm2,152820.83347292736,154974.6378085737,-2153.8043356463318,-1.3897785896468642,-0.1658795027401285,-15577.564695125722,12949.088300479716,0.4938746735085408,14263.326497802718,7,17,1.0,undetermined,0.1658795027401285
Batch_2,pore_patchiness_cv,0.1159167661607555,0.1098957451992301,0.0060210209615254,5.478848112463252,0.1498705432963326,-0.0172040675905566,0.0296051697341835,0.8524952037537852,0.02340461866237,7,17,1.0,undetermined,0.1498705432963326
Batch_2,corr_len_pore_um,0.6357114341329078,0.6529427081311789,-0.0172312739982711,-2.639017755108974,-0.132068975522625,-0.0916176585266602,0.0500289035986869,0.9493047519210764,0.0708232810626736,7,17,1.0,undetermined,0.132068975522625
Batch_2,ring_porosity_500nm,0.2053465396165506,0.1999765072154329,0.0053700324011177,2.68533163014625,0.131984108657377,-0.0185752070664589,0.0286090559062644,0.3175923999722627,0.0235921314863617,7,17,1.0,undetermined,0.131984108657377
Batch_2,pore_chord_h_um,0.6577232710100152,0.6695392075684777,-0.0118159365584625,-1.7647863522994798,-0.1242178669922635,-0.0686941228523092,0.0454643428462785,1.0,0.0570792328492939,7,17,1.0,undetermined,0.1242178669922635
Batch_2,lineal_path_pore_um,0.6577232710100152,0.6695392075684777,-0.0118159365584625,-1.7647863522994798,-0.1242178669922635,-0.0714239866456906,0.0404734031395851,1.0,0.0559486948926378,7,17,1.0,undetermined,0.1242178669922635
Batch_2,si_solidity,0.8977624861829224,0.8959446777192572,0.0018178084636651,0.2028929362349313,0.1025663655434774,-0.0074498059410171,0.0114854338042011,0.5761158495712273,0.0094676198726091,7,17,1.0,equivalent,0.1025663655434774
Batch_2,si_clarkevans_R,0.683492559552765,0.6792525343252261,0.0042400252275388,0.6242192724022628,0.0977192614490616,-0.026469314588164,0.0322296933678421,0.6640027275038718,0.029349503978003,7,17,1.0,equivalent,0.0977192614490616
Batch_2,ring_porosity_250nm,0.081508432182029,0.0835501028696868,-0.0020416706876578,-2.4436483230215345,-0.0946033288743804,-0.0186776870899438,0.0141028576532275,0.8524952037537852,0.0163902723715857,7,17,1.0,undetermined,0.0946033288743804
Batch_2,si_dmax_um,6.961646966605445,6.995129626970331,-0.0334826603648865,-0.4786567533472325,-0.0439550767721869,-0.5542355874324786,0.5573853104979293,0.8041571319603358,0.5558104489652039,7,17,1.0,equivalent,0.0439550767721869
Batch_2,pore_chord_v_um,0.563428381531584,0.5654789923283493,-0.0020506107967652,-0.3626325335839482,-0.0259003818481926,-0.0520878621903812,0.0445781721220659,0.6194091949240692,0.0483330171562236,7,17,1.0,equivalent,0.0259003818481926
Batch_2,si_cracked_share,0.0,0.0,0.0,,,0.0,0.0,1.0,0.0,7,17,1.0,suggestive,
Batch_2,tau_x,inf,inf,,,,,,1.0,,7,17,1.0,suggestive,
Batch_2,tau_y,inf,inf,,,,,,1.0,,7,17,1.0,suggestive,
Batch_2,pore_percolates_x,0.0,0.0,0.0,,,0.0,0.0,1.0,0.0,7,17,1.0,suggestive,
Batch_2,pore_percolates_y,0.0,0.0,0.0,,,0.0,0.0,1.0,0.0,7,17,1.0,suggestive,
