batch,porosity_mode,c_rate,delta_ah,pct_delta,ci_lo,ci_hi,sig
Batch_1,measured,0.1,-1.7763568394002505e-15,-3.383536836952857e-14,-5.329070518200751e-15,1.7763568394002505e-15,CI includes 0
Batch_2,measured,0.1,1.7763568394002505e-15,3.383536836952857e-14,-8.881784197001252e-16,5.329070518200751e-15,CI includes 0
Batch_1,measured,0.5,-1.7763568394002505e-15,-3.383536836952861e-14,-7.993605777301127e-15,8.881784197001252e-16,CI includes 0
Batch_2,measured,0.5,3.552713678800501e-15,6.767073673905722e-14,-8.881784197001252e-16,7.105427357601002e-15,CI includes 0
Batch_1,measured,1.0,-8.881784197001252e-16,-1.6917684184764293e-14,-2.6645352591003757e-15,2.6645352591003757e-15,CI includes 0
Batch_2,measured,1.0,-5.329070518200751e-15,-1.0150610510858576e-13,-8.881784197001252e-15,0.0,CI includes 0
Batch_1,measured,2.0,-0.10681077563912078,-2.724650108853667,-0.18565400359266718,-0.02937451395284817,CI excludes 0
Batch_2,measured,2.0,-0.11392780228551702,-2.9061992766299154,-0.19581859193680415,-0.02954360783610661,CI excludes 0
Batch_1,corrected,0.1,2.6645352591003757e-15,5.075305255429288e-14,0.0,6.217248937900877e-15,CI includes 0
Batch_2,corrected,0.1,6.217248937900877e-15,1.1842378929335004e-13,2.6645352591003757e-15,8.881784197001252e-15,CI excludes 0
Batch_1,corrected,0.5,-2.6645352591003757e-15,-5.0753052554292854e-14,-4.440892098500626e-15,0.0,CI includes 0
Batch_2,corrected,0.5,-3.552713678800501e-15,-6.767073673905713e-14,-5.329070518200751e-15,8.881784197001252e-16,CI includes 0
Batch_1,corrected,1.0,-3.552713678800501e-15,-6.767073673905717e-14,-5.329070518200751e-15,8.881784197001252e-16,CI includes 0
Batch_2,corrected,1.0,0.0,0.0,-1.7763568394002505e-15,2.6645352591003757e-15,CI includes 0
Batch_1,corrected,2.0,0.0003062839014971175,0.005989439930565808,-2.040847151694169e-05,0.0006167746301902977,CI includes 0
Batch_2,corrected,2.0,-0.00020983238652583225,-0.004103312216021142,-0.0004947680857895209,7.461439309759362e-05,CI includes 0
