batch,porosity_mode,c_rate,rep,capacity_ah
Batch_1,measured,0.1,0,5.250000000000012
Batch_1,measured,0.1,1,5.250000000000006
Batch_1,measured,0.1,2,5.250000000000001
Batch_1,measured,0.1,3,5.249999999999993
Batch_1,measured,0.1,4,5.2499999999999964
Batch_1,measured,0.1,5,5.249999999999997
Batch_1,measured,0.1,6,5.249999999999997
Batch_1,measured,0.1,7,5.249999999999997
Batch_1,measured,0.1,8,5.249999999999993
Batch_1,measured,0.1,9,5.250000000000012
Batch_1,measured,0.1,10,5.250000000000006
Batch_1,measured,0.1,11,5.249999999999986
Batch_1,measured,0.1,12,5.250000000000001
Batch_1,measured,0.1,13,5.250000000000006
Batch_1,measured,0.1,14,5.249999999999986
Batch_1,measured,0.1,15,5.250000000000012
Batch_1,measured,0.1,16,5.250000000000006
Batch_1,measured,0.1,17,5.250000000000001
Batch_1,measured,0.1,18,5.250000000000001
Batch_1,measured,0.1,19,5.249999999999986
Batch_1,measured,0.1,20,5.249999999999993
Batch_1,measured,0.1,21,5.250000000000012
Batch_1,measured,0.1,22,5.250000000000006
Batch_1,measured,0.1,23,5.249999999999997
Batch_1,measured,0.1,24,5.2499999999999964
Batch_1,measured,0.1,25,5.249999999999986
Batch_1,measured,0.1,26,5.250000000000001
Batch_1,measured,0.1,27,5.249999999999997
Batch_1,measured,0.1,28,5.250000000000012
Batch_1,measured,0.1,29,5.250000000000012
Batch_1,measured,0.5,0,5.249999999999983
Batch_1,measured,0.5,1,5.250000000000002
Batch_1,measured,0.5,2,5.249999999999993
Batch_1,measured,0.5,3,5.249999999999995
Batch_1,measured,0.5,4,5.249999999999989
Batch_1,measured,0.5,5,5.249999999999995
Batch_1,measured,0.5,6,5.249999999999995
Batch_1,measured,0.5,7,5.249999999999995
Batch_1,measured,0.5,8,5.249999999999995
Batch_1,measured,0.5,9,5.249999999999983
Batch_1,measured,0.5,10,5.250000000000002
Batch_1,measured,0.5,11,5.249999999999993
Batch_1,measured,0.5,12,5.249999999999993
Batch_1,measured,0.5,13,5.250000000000002
Batch_1,measured,0.5,14,5.249999999999993
Batch_1,measured,0.5,15,5.249999999999983
Batch_1,measured,0.5,16,5.250000000000002
Batch_1,measured,0.5,17,5.249999999999993
Batch_1,measured,0.5,18,5.249999999999993
Batch_1,measured,0.5,19,5.249999999999993
Batch_1,measured,0.5,20,5.249999999999995
Batch_1,measured,0.5,21,5.249999999999983
Batch_1,measured,0.5,22,5.250000000000002
Batch_1,measured,0.5,23,5.249999999999995
Batch_1,measured,0.5,24,5.249999999999989
Batch_1,measured,0.5,25,5.249999999999993
Batch_1,measured,0.5,26,5.249999999999993
Batch_1,measured,0.5,27,5.249999999999995
Batch_1,measured,0.5,28,5.249999999999983
Batch_1,measured,0.5,29,5.249999999999983
Batch_1,measured,1.0,0,5.25
Batch_1,measured,1.0,1,5.249999999999994
Batch_1,measured,1.0,2,5.25
Batch_1,measured,1.0,3,5.249999999999993
Batch_1,measured,1.0,4,5.24999999999999
Batch_1,measured,1.0,5,5.250000000000001
Batch_1,measured,1.0,6,5.250000000000001
Batch_1,measured,1.0,7,5.250000000000001
Batch_1,measured,1.0,8,5.249999999999993
Batch_1,measured,1.0,9,5.25
Batch_1,measured,1.0,10,5.249999999999994
Batch_1,measured,1.0,11,5.25
Batch_1,measured,1.0,12,5.25
Batch_1,measured,1.0,13,5.249999999999994
Batch_1,measured,1.0,14,5.25
Batch_1,measured,1.0,15,5.25
Batch_1,measured,1.0,16,5.249999999999994
Batch_1,measured,1.0,17,5.25
Batch_1,measured,1.0,18,5.25
Batch_1,measured,1.0,19,5.25
Batch_1,measured,1.0,20,5.249999999999993
Batch_1,measured,1.0,21,5.25
Batch_1,measured,1.0,22,5.249999999999994
Batch_1,measured,1.0,23,5.250000000000001
Batch_1,measured,1.0,24,5.24999999999999
Batch_1,measured,1.0,25,5.25
Batch_1,measured,1.0,26,5.25
Batch_1,measured,1.0,27,5.250000000000001
Batch_1,measured,1.0,28,5.25
Batch_1,measured,1.0,29,5.25
Batch_1,measured,2.0,0,3.8361181511708953
Batch_1,measured,2.0,1,3.6761272860230707
Batch_1,measured,2.0,2,3.979715493885371
Batch_1,measured,2.0,3,3.9140054221426834
Batch_1,measured,2.0,4,4.055483721929817
Batch_1,measured,2.0,5,3.7991516165448513
Batch_1,measured,2.0,6,3.7991516165448513
Batch_1,measured,2.0,7,3.7991516165448513
Batch_1,measured,2.0,8,3.9140054221426834
Batch_1,measured,2.0,9,3.8361181511708953
Batch_1,measured,2.0,10,3.6761272860230707
Batch_1,measured,2.0,11,3.5639893490021226
Batch_1,measured,2.0,12,3.979715493885371
Batch_1,measured,2.0,13,3.6761272860230707
Batch_1,measured,2.0,14,3.5639893490021226
Batch_1,measured,2.0,15,3.8361181511708953
Batch_1,measured,2.0,16,3.6761272860230707
Batch_1,measured,2.0,17,3.979715493885371
Batch_1,measured,2.0,18,3.979715493885371
Batch_1,measured,2.0,19,3.5639893490021226
Batch_1,measured,2.0,20,3.9140054221426834
Batch_1,measured,2.0,21,3.8361181511708953
Batch_1,measured,2.0,22,3.6761272860230707
Batch_1,measured,2.0,23,3.7991516165448513
Batch_1,measured,2.0,24,4.055483721929817
Batch_1,measured,2.0,25,3.5639893490021226
Batch_1,measured,2.0,26,3.979715493885371
Batch_1,measured,2.0,27,3.7991516165448513
Batch_1,measured,2.0,28,3.8361181511708953
Batch_1,measured,2.0,29,3.8361181511708953
Batch_1,corrected,0.1,0,5.250000000000003
Batch_1,corrected,0.1,1,5.249999999999991
Batch_1,corrected,0.1,2,5.250000000000006
Batch_1,corrected,0.1,3,5.250000000000005
Batch_1,corrected,0.1,4,5.250000000000006
Batch_1,corrected,0.1,5,5.250000000000004
Batch_1,corrected,0.1,6,5.250000000000006
Batch_1,corrected,0.1,7,5.249999999999993
Batch_1,corrected,0.1,8,5.250000000000004
Batch_1,corrected,0.1,9,5.249999999999993
Batch_1,corrected,0.1,10,5.249999999999993
Batch_1,corrected,0.1,11,5.250000000000006
Batch_1,corrected,0.1,12,5.250000000000006
Batch_1,corrected,0.1,13,5.250000000000006
Batch_1,corrected,0.1,14,5.250000000000006
Batch_1,corrected,0.1,15,5.250000000000011
Batch_1,corrected,0.1,16,5.250000000000004
Batch_1,corrected,0.1,17,5.250000000000011
Batch_1,corrected,0.1,18,5.249999999999991
Batch_1,corrected,0.1,19,5.250000000000011
Batch_1,corrected,0.1,20,5.250000000000003
Batch_1,corrected,0.1,21,5.249999999999993
Batch_1,corrected,0.1,22,5.250000000000004
Batch_1,corrected,0.1,23,5.250000000000005
Batch_1,corrected,0.1,24,5.250000000000003
Batch_1,corrected,0.1,25,5.250000000000005
Batch_1,corrected,0.1,26,5.249999999999993
Batch_1,corrected,0.1,27,5.250000000000011
Batch_1,corrected,0.1,28,5.250000000000005
Batch_1,corrected,0.1,29,5.250000000000011
Batch_1,corrected,0.5,0,5.249999999999994
Batch_1,corrected,0.5,1,5.249999999999998
Batch_1,corrected,0.5,2,5.2500000000000036
Batch_1,corrected,0.5,3,5.249999999999999
Batch_1,corrected,0.5,4,5.2500000000000036
Batch_1,corrected,0.5,5,5.250000000000001
Batch_1,corrected,0.5,6,5.2500000000000036
Batch_1,corrected,0.5,7,5.249999999999998
Batch_1,corrected,0.5,8,5.250000000000001
Batch_1,corrected,0.5,9,5.249999999999998
Batch_1,corrected,0.5,10,5.249999999999998
Batch_1,corrected,0.5,11,5.2500000000000036
Batch_1,corrected,0.5,12,5.2500000000000036
Batch_1,corrected,0.5,13,5.2500000000000036
Batch_1,corrected,0.5,14,5.2500000000000036
Batch_1,corrected,0.5,15,5.249999999999996
Batch_1,corrected,0.5,16,5.250000000000001
Batch_1,corrected,0.5,17,5.249999999999996
Batch_1,corrected,0.5,18,5.249999999999998
Batch_1,corrected,0.5,19,5.249999999999996
Batch_1,corrected,0.5,20,5.249999999999994
Batch_1,corrected,0.5,21,5.249999999999998
Batch_1,corrected,0.5,22,5.250000000000001
Batch_1,corrected,0.5,23,5.249999999999999
Batch_1,corrected,0.5,24,5.249999999999994
Batch_1,corrected,0.5,25,5.249999999999999
Batch_1,corrected,0.5,26,5.249999999999998
Batch_1,corrected,0.5,27,5.249999999999996
Batch_1,corrected,0.5,28,5.249999999999999
Batch_1,corrected,0.5,29,5.249999999999996
Batch_1,corrected,1.0,0,5.250000000000012
Batch_1,corrected,1.0,1,5.249999999999995
Batch_1,corrected,1.0,2,5.249999999999991
Batch_1,corrected,1.0,3,5.249999999999984
Batch_1,corrected,1.0,4,5.249999999999991
Batch_1,corrected,1.0,5,5.249999999999997
Batch_1,corrected,1.0,6,5.249999999999991
Batch_1,corrected,1.0,7,5.250000000000001
Batch_1,corrected,1.0,8,5.249999999999997
Batch_1,corrected,1.0,9,5.250000000000001
Batch_1,corrected,1.0,10,5.250000000000001
Batch_1,corrected,1.0,11,5.249999999999991
Batch_1,corrected,1.0,12,5.249999999999991
Batch_1,corrected,1.0,13,5.249999999999991
Batch_1,corrected,1.0,14,5.249999999999991
Batch_1,corrected,1.0,15,5.250000000000002
Batch_1,corrected,1.0,16,5.249999999999997
Batch_1,corrected,1.0,17,5.250000000000002
Batch_1,corrected,1.0,18,5.249999999999995
Batch_1,corrected,1.0,19,5.250000000000002
Batch_1,corrected,1.0,20,5.250000000000012
Batch_1,corrected,1.0,21,5.250000000000001
Batch_1,corrected,1.0,22,5.249999999999997
Batch_1,corrected,1.0,23,5.249999999999984
Batch_1,corrected,1.0,24,5.250000000000012
Batch_1,corrected,1.0,25,5.249999999999984
Batch_1,corrected,1.0,26,5.250000000000001
Batch_1,corrected,1.0,27,5.250000000000002
Batch_1,corrected,1.0,28,5.249999999999984
Batch_1,corrected,1.0,29,5.250000000000002
Batch_1,corrected,2.0,0,5.113666409869801
Batch_1,corrected,2.0,1,5.114999351200102
Batch_1,corrected,2.0,2,5.114971155528276
Batch_1,corrected,2.0,3,5.113820621435225
Batch_1,corrected,2.0,4,5.114971155528276
Batch_1,corrected,2.0,5,5.1125082872428855
Batch_1,corrected,2.0,6,5.114971155528276
Batch_1,corrected,2.0,7,5.114177190183917
Batch_1,corrected,2.0,8,5.1125082872428855
Batch_1,corrected,2.0,9,5.114177190183917
Batch_1,corrected,2.0,10,5.114177190183917
Batch_1,corrected,2.0,11,5.114971155528276
Batch_1,corrected,2.0,12,5.114971155528276
Batch_1,corrected,2.0,13,5.114971155528276
Batch_1,corrected,2.0,14,5.114971155528276
Batch_1,corrected,2.0,15,5.113829695985031
Batch_1,corrected,2.0,16,5.1125082872428855
Batch_1,corrected,2.0,17,5.113829695985031
Batch_1,corrected,2.0,18,5.114999351200102
Batch_1,corrected,2.0,19,5.113829695985031
Batch_1,corrected,2.0,20,5.113666409869801
Batch_1,corrected,2.0,21,5.114177190183917
Batch_1,corrected,2.0,22,5.1125082872428855
Batch_1,corrected,2.0,23,5.113820621435225
Batch_1,corrected,2.0,24,5.113666409869801
Batch_1,corrected,2.0,25,5.113820621435225
Batch_1,corrected,2.0,26,5.114177190183917
Batch_1,corrected,2.0,27,5.113829695985031
Batch_1,corrected,2.0,28,5.113820621435225
Batch_1,corrected,2.0,29,5.113829695985031
Batch_2,measured,0.1,0,5.250000000000007
Batch_2,measured,0.1,1,5.250000000000004
Batch_2,measured,0.1,2,5.250000000000004
Batch_2,measured,0.1,3,5.250000000000007
Batch_2,measured,0.1,4,5.249999999999994
Batch_2,measured,0.1,5,5.249999999999999
Batch_2,measured,0.1,6,5.250000000000004
Batch_2,measured,0.1,7,5.250000000000007
Batch_2,measured,0.1,8,5.250000000000007
Batch_2,measured,0.1,9,5.250000000000011
Batch_2,measured,0.1,10,5.250000000000007
Batch_2,measured,0.1,11,5.250000000000007
Batch_2,measured,0.1,12,5.250000000000007
Batch_2,measured,0.1,13,5.250000000000011
Batch_2,measured,0.1,14,5.250000000000007
Batch_2,measured,0.1,15,5.249999999999994
Batch_2,measured,0.1,16,5.249999999999999
Batch_2,measured,0.1,17,5.249999999999994
Batch_2,measured,0.1,18,5.250000000000011
Batch_2,measured,0.1,19,5.250000000000007
Batch_2,measured,0.1,20,5.250000000000004
Batch_2,measured,0.1,21,5.250000000000004
Batch_2,measured,0.1,22,5.250000000000002
Batch_2,measured,0.1,23,5.250000000000007
Batch_2,measured,0.1,24,5.250000000000007
Batch_2,measured,0.1,25,5.250000000000004
Batch_2,measured,0.1,26,5.250000000000011
Batch_2,measured,0.1,27,5.250000000000007
Batch_2,measured,0.1,28,5.250000000000007
Batch_2,measured,0.1,29,5.250000000000007
Batch_2,measured,0.5,0,5.250000000000013
Batch_2,measured,0.5,1,5.25
Batch_2,measured,0.5,2,5.25
Batch_2,measured,0.5,3,5.249999999999998
Batch_2,measured,0.5,4,5.249999999999984
Batch_2,measured,0.5,5,5.250000000000002
Batch_2,measured,0.5,6,5.25
Batch_2,measured,0.5,7,5.250000000000013
Batch_2,measured,0.5,8,5.250000000000013
Batch_2,measured,0.5,9,5.249999999999991
Batch_2,measured,0.5,10,5.249999999999998
Batch_2,measured,0.5,11,5.249999999999998
Batch_2,measured,0.5,12,5.249999999999998
Batch_2,measured,0.5,13,5.249999999999991
Batch_2,measured,0.5,14,5.250000000000013
Batch_2,measured,0.5,15,5.249999999999984
Batch_2,measured,0.5,16,5.250000000000002
Batch_2,measured,0.5,17,5.249999999999984
Batch_2,measured,0.5,18,5.249999999999991
Batch_2,measured,0.5,19,5.249999999999998
Batch_2,measured,0.5,20,5.25
Batch_2,measured,0.5,21,5.25
Batch_2,measured,0.5,22,5.25
Batch_2,measured,0.5,23,5.249999999999998
Batch_2,measured,0.5,24,5.250000000000013
Batch_2,measured,0.5,25,5.25
Batch_2,measured,0.5,26,5.249999999999991
Batch_2,measured,0.5,27,5.249999999999998
Batch_2,measured,0.5,28,5.250000000000013
Batch_2,measured,0.5,29,5.249999999999998
Batch_2,measured,1.0,0,5.25
Batch_2,measured,1.0,1,5.249999999999995
Batch_2,measured,1.0,2,5.249999999999995
Batch_2,measured,1.0,3,5.249999999999985
Batch_2,measured,1.0,4,5.2499999999999964
Batch_2,measured,1.0,5,5.250000000000006
Batch_2,measured,1.0,6,5.249999999999995
Batch_2,measured,1.0,7,5.25
Batch_2,measured,1.0,8,5.25
Batch_2,measured,1.0,9,5.249999999999994
Batch_2,measured,1.0,10,5.249999999999985
Batch_2,measured,1.0,11,5.249999999999985
Batch_2,measured,1.0,12,5.249999999999985
Batch_2,measured,1.0,13,5.249999999999994
Batch_2,measured,1.0,14,5.25
Batch_2,measured,1.0,15,5.2499999999999964
Batch_2,measured,1.0,16,5.250000000000006
Batch_2,measured,1.0,17,5.2499999999999964
Batch_2,measured,1.0,18,5.249999999999994
Batch_2,measured,1.0,19,5.249999999999985
Batch_2,measured,1.0,20,5.249999999999995
Batch_2,measured,1.0,21,5.249999999999995
Batch_2,measured,1.0,22,5.249999999999995
Batch_2,measured,1.0,23,5.249999999999985
Batch_2,measured,1.0,24,5.25
Batch_2,measured,1.0,25,5.249999999999995
Batch_2,measured,1.0,26,5.249999999999994
Batch_2,measured,1.0,27,5.249999999999985
Batch_2,measured,1.0,28,5.25
Batch_2,measured,1.0,29,5.249999999999985
Batch_2,measured,2.0,0,3.8309116271286534
Batch_2,measured,2.0,1,3.578936918877331
Batch_2,measured,2.0,2,3.578936918877331
Batch_2,measured,2.0,3,3.9786160963689996
Batch_2,measured,2.0,4,3.646213763350892
Batch_2,measured,2.0,5,3.6664663708952085
Batch_2,measured,2.0,6,3.578936918877331
Batch_2,measured,2.0,7,3.8309116271286534
Batch_2,measured,2.0,8,3.8309116271286534
Batch_2,measured,2.0,9,3.969223040225127
Batch_2,measured,2.0,10,3.9786160963689996
Batch_2,measured,2.0,11,3.9786160963689996
Batch_2,measured,2.0,12,3.9786160963689996
Batch_2,measured,2.0,13,3.969223040225127
Batch_2,measured,2.0,14,3.8309116271286534
Batch_2,measured,2.0,15,3.646213763350892
Batch_2,measured,2.0,16,3.6664663708952085
Batch_2,measured,2.0,17,3.646213763350892
Batch_2,measured,2.0,18,3.969223040225127
Batch_2,measured,2.0,19,3.9786160963689996
Batch_2,measured,2.0,20,3.578936918877331
Batch_2,measured,2.0,21,3.578936918877331
Batch_2,measured,2.0,22,3.7506249564646272
Batch_2,measured,2.0,23,3.9786160963689996
Batch_2,measured,2.0,24,3.8309116271286534
Batch_2,measured,2.0,25,3.578936918877331
Batch_2,measured,2.0,26,3.969223040225127
Batch_2,measured,2.0,27,3.9786160963689996
Batch_2,measured,2.0,28,3.8309116271286534
Batch_2,measured,2.0,29,3.9786160963689996
Batch_2,corrected,0.1,0,5.250000000000013
Batch_2,corrected,0.1,1,5.249999999999993
Batch_2,corrected,0.1,2,5.2500000000000115
Batch_2,corrected,0.1,3,5.2500000000000115
Batch_2,corrected,0.1,4,5.250000000000006
Batch_2,corrected,0.1,5,5.250000000000006
Batch_2,corrected,0.1,6,5.250000000000005
Batch_2,corrected,0.1,7,5.250000000000005
Batch_2,corrected,0.1,8,5.250000000000013
Batch_2,corrected,0.1,9,5.25000000000001
Batch_2,corrected,0.1,10,5.250000000000013
Batch_2,corrected,0.1,11,5.25000000000001
Batch_2,corrected,0.1,12,5.250000000000013
Batch_2,corrected,0.1,13,5.2500000000000115
Batch_2,corrected,0.1,14,5.25000000000001
Batch_2,corrected,0.1,15,5.249999999999993
Batch_2,corrected,0.1,16,5.250000000000005
Batch_2,corrected,0.1,17,5.250000000000005
Batch_2,corrected,0.1,18,5.250000000000006
Batch_2,corrected,0.1,19,5.250000000000013
Batch_2,corrected,0.1,20,5.250000000000006
Batch_2,corrected,0.1,21,5.2500000000000115
Batch_2,corrected,0.1,22,5.249999999999993
Batch_2,corrected,0.1,23,5.249999999999998
Batch_2,corrected,0.1,24,5.249999999999993
Batch_2,corrected,0.1,25,5.25000000000001
Batch_2,corrected,0.1,26,5.250000000000006
Batch_2,corrected,0.1,27,5.2500000000000115
Batch_2,corrected,0.1,28,5.25000000000001
Batch_2,corrected,0.1,29,5.250000000000005
Batch_2,corrected,0.5,0,5.249999999999997
Batch_2,corrected,0.5,1,5.250000000000004
Batch_2,corrected,0.5,2,5.250000000000003
Batch_2,corrected,0.5,3,5.250000000000003
Batch_2,corrected,0.5,4,5.250000000000003
Batch_2,corrected,0.5,5,5.250000000000003
Batch_2,corrected,0.5,6,5.249999999999986
Batch_2,corrected,0.5,7,5.249999999999986
Batch_2,corrected,0.5,8,5.249999999999997
Batch_2,corrected,0.5,9,5.2500000000000036
Batch_2,corrected,0.5,10,5.249999999999997
Batch_2,corrected,0.5,11,5.2500000000000036
Batch_2,corrected,0.5,12,5.249999999999997
Batch_2,corrected,0.5,13,5.250000000000003
Batch_2,corrected,0.5,14,5.2500000000000036
Batch_2,corrected,0.5,15,5.250000000000004
Batch_2,corrected,0.5,16,5.249999999999986
Batch_2,corrected,0.5,17,5.249999999999986
Batch_2,corrected,0.5,18,5.250000000000003
Batch_2,corrected,0.5,19,5.249999999999997
Batch_2,corrected,0.5,20,5.250000000000003
Batch_2,corrected,0.5,21,5.250000000000003
Batch_2,corrected,0.5,22,5.250000000000004
Batch_2,corrected,0.5,23,5.250000000000004
Batch_2,corrected,0.5,24,5.250000000000004
Batch_2,corrected,0.5,25,5.2500000000000036
Batch_2,corrected,0.5,26,5.250000000000003
Batch_2,corrected,0.5,27,5.250000000000003
Batch_2,corrected,0.5,28,5.2500000000000036
Batch_2,corrected,0.5,29,5.249999999999986
Batch_2,corrected,1.0,0,5.249999999999996
Batch_2,corrected,1.0,1,5.250000000000001
Batch_2,corrected,1.0,2,5.24999999999999
Batch_2,corrected,1.0,3,5.24999999999999
Batch_2,corrected,1.0,4,5.250000000000004
Batch_2,corrected,1.0,5,5.250000000000004
Batch_2,corrected,1.0,6,5.249999999999999
Batch_2,corrected,1.0,7,5.249999999999999
Batch_2,corrected,1.0,8,5.249999999999996
Batch_2,corrected,1.0,9,5.250000000000007
Batch_2,corrected,1.0,10,5.249999999999996
Batch_2,corrected,1.0,11,5.250000000000007
Batch_2,corrected,1.0,12,5.249999999999996
Batch_2,corrected,1.0,13,5.24999999999999
Batch_2,corrected,1.0,14,5.250000000000007
Batch_2,corrected,1.0,15,5.250000000000001
Batch_2,corrected,1.0,16,5.249999999999999
Batch_2,corrected,1.0,17,5.249999999999999
Batch_2,corrected,1.0,18,5.250000000000004
Batch_2,corrected,1.0,19,5.249999999999996
Batch_2,corrected,1.0,20,5.250000000000004
Batch_2,corrected,1.0,21,5.24999999999999
Batch_2,corrected,1.0,22,5.250000000000001
Batch_2,corrected,1.0,23,5.2499999999999964
Batch_2,corrected,1.0,24,5.250000000000001
Batch_2,corrected,1.0,25,5.250000000000007
Batch_2,corrected,1.0,26,5.250000000000004
Batch_2,corrected,1.0,27,5.24999999999999
Batch_2,corrected,1.0,28,5.250000000000007
Batch_2,corrected,1.0,29,5.249999999999999
Batch_2,corrected,2.0,0,5.114286637729644
Batch_2,corrected,2.0,1,5.113494349962417
Batch_2,corrected,2.0,2,5.112156363687164
Batch_2,corrected,2.0,3,5.112156363687164
Batch_2,corrected,2.0,4,5.1140352100816475
Batch_2,corrected,2.0,5,5.1140352100816475
Batch_2,corrected,2.0,6,5.11366212292655
Batch_2,corrected,2.0,7,5.11366212292655
Batch_2,corrected,2.0,8,5.114286637729644
Batch_2,corrected,2.0,9,5.113418986843072
Batch_2,corrected,2.0,10,5.114286637729644
Batch_2,corrected,2.0,11,5.113418986843072
Batch_2,corrected,2.0,12,5.114286637729644
Batch_2,corrected,2.0,13,5.112156363687164
Batch_2,corrected,2.0,14,5.113418986843072
Batch_2,corrected,2.0,15,5.113494349962417
Batch_2,corrected,2.0,16,5.11366212292655
Batch_2,corrected,2.0,17,5.11366212292655
Batch_2,corrected,2.0,18,5.1140352100816475
Batch_2,corrected,2.0,19,5.114286637729644
Batch_2,corrected,2.0,20,5.1140352100816475
Batch_2,corrected,2.0,21,5.112156363687164
Batch_2,corrected,2.0,22,5.113494349962417
Batch_2,corrected,2.0,23,5.113888591433948
Batch_2,corrected,2.0,24,5.113494349962417
Batch_2,corrected,2.0,25,5.113418986843072
Batch_2,corrected,2.0,26,5.1140352100816475
Batch_2,corrected,2.0,27,5.112156363687164
Batch_2,corrected,2.0,28,5.113418986843072
Batch_2,corrected,2.0,29,5.11366212292655
Batch_3,measured,0.1,0,5.2500000000000115
Batch_3,measured,0.1,1,5.2500000000000115
Batch_3,measured,0.1,2,5.250000000000008
Batch_3,measured,0.1,3,5.249999999999993
Batch_3,measured,0.1,4,5.250000000000008
Batch_3,measured,0.1,5,5.250000000000005
Batch_3,measured,0.1,6,5.249999999999998
Batch_3,measured,0.1,7,5.2500000000000115
Batch_3,measured,0.1,8,5.250000000000008
Batch_3,measured,0.1,9,5.2499999999999964
Batch_3,measured,0.1,10,5.250000000000008
Batch_3,measured,0.1,11,5.249999999999997
Batch_3,measured,0.1,12,5.250000000000008
Batch_3,measured,0.1,13,5.249999999999993
Batch_3,measured,0.1,14,5.249999999999994
Batch_3,measured,0.1,15,5.250000000000008
Batch_3,measured,0.1,16,5.250000000000006
Batch_3,measured,0.1,17,5.2500000000000115
Batch_3,measured,0.1,18,5.249999999999998
Batch_3,measured,0.1,19,5.250000000000005
Batch_3,measured,0.1,20,5.2499999999999885
Batch_3,measured,0.1,21,5.249999999999998
Batch_3,measured,0.1,22,5.249999999999994
Batch_3,measured,0.1,23,5.250000000000008
Batch_3,measured,0.1,24,5.2500000000000115
Batch_3,measured,0.1,25,5.250000000000003
Batch_3,measured,0.1,26,5.2499999999999885
Batch_3,measured,0.1,27,5.250000000000008
Batch_3,measured,0.1,28,5.249999999999993
Batch_3,measured,0.1,29,5.2499999999999885
Batch_3,measured,0.5,0,5.249999999999991
Batch_3,measured,0.5,1,5.249999999999983
Batch_3,measured,0.5,2,5.249999999999992
Batch_3,measured,0.5,3,5.250000000000013
Batch_3,measured,0.5,4,5.249999999999992
Batch_3,measured,0.5,5,5.250000000000001
Batch_3,measured,0.5,6,5.249999999999988
Batch_3,measured,0.5,7,5.249999999999991
Batch_3,measured,0.5,8,5.249999999999993
Batch_3,measured,0.5,9,5.2499999999999964
Batch_3,measured,0.5,10,5.249999999999993
Batch_3,measured,0.5,11,5.249999999999998
Batch_3,measured,0.5,12,5.249999999999993
Batch_3,measured,0.5,13,5.250000000000013
Batch_3,measured,0.5,14,5.250000000000003
Batch_3,measured,0.5,15,5.249999999999992
Batch_3,measured,0.5,16,5.249999999999988
Batch_3,measured,0.5,17,5.249999999999983
Batch_3,measured,0.5,18,5.249999999999988
Batch_3,measured,0.5,19,5.250000000000001
Batch_3,measured,0.5,20,5.250000000000003
Batch_3,measured,0.5,21,5.249999999999988
Batch_3,measured,0.5,22,5.250000000000003
Batch_3,measured,0.5,23,5.249999999999993
Batch_3,measured,0.5,24,5.249999999999983
Batch_3,measured,0.5,25,5.249999999999996
Batch_3,measured,0.5,26,5.250000000000003
Batch_3,measured,0.5,27,5.249999999999992
Batch_3,measured,0.5,28,5.250000000000013
Batch_3,measured,0.5,29,5.250000000000003
Batch_3,measured,1.0,0,5.250000000000008
Batch_3,measured,1.0,1,5.249999999999999
Batch_3,measured,1.0,2,5.250000000000001
Batch_3,measured,1.0,3,5.249999999999997
Batch_3,measured,1.0,4,5.250000000000001
Batch_3,measured,1.0,5,5.249999999999994
Batch_3,measured,1.0,6,5.250000000000008
Batch_3,measured,1.0,7,5.250000000000008
Batch_3,measured,1.0,8,5.249999999999994
Batch_3,measured,1.0,9,5.250000000000011
Batch_3,measured,1.0,10,5.249999999999994
Batch_3,measured,1.0,11,5.250000000000002
Batch_3,measured,1.0,12,5.249999999999994
Batch_3,measured,1.0,13,5.249999999999997
Batch_3,measured,1.0,14,5.249999999999984
Batch_3,measured,1.0,15,5.250000000000001
Batch_3,measured,1.0,16,5.249999999999994
Batch_3,measured,1.0,17,5.249999999999999
Batch_3,measured,1.0,18,5.250000000000008
Batch_3,measured,1.0,19,5.249999999999994
Batch_3,measured,1.0,20,5.249999999999993
Batch_3,measured,1.0,21,5.250000000000008
Batch_3,measured,1.0,22,5.249999999999984
Batch_3,measured,1.0,23,5.249999999999994
Batch_3,measured,1.0,24,5.249999999999999
Batch_3,measured,1.0,25,5.249999999999988
Batch_3,measured,1.0,26,5.249999999999993
Batch_3,measured,1.0,27,5.250000000000001
Batch_3,measured,1.0,28,5.249999999999997
Batch_3,measured,1.0,29,5.249999999999993
Batch_3,measured,2.0,0,4.056115346625669
Batch_3,measured,2.0,1,3.9744470708527326
Batch_3,measured,2.0,2,3.936076512126381
Batch_3,measured,2.0,3,3.9614839931296597
Batch_3,measured,2.0,4,3.936076512126381
Batch_3,measured,2.0,5,3.954838399673767
Batch_3,measured,2.0,6,3.6413140990201494
Batch_3,measured,2.0,7,4.056115346625669
Batch_3,measured,2.0,8,4.155409763407262
Batch_3,measured,2.0,9,4.131707437444752
Batch_3,measured,2.0,10,4.155409763407262
Batch_3,measured,2.0,11,3.830156381837371
Batch_3,measured,2.0,12,4.155409763407262
Batch_3,measured,2.0,13,3.9614839931296597
Batch_3,measured,2.0,14,3.80678470164687
Batch_3,measured,2.0,15,3.936076512126381
Batch_3,measured,2.0,16,4.018997661366098
Batch_3,measured,2.0,17,3.9744470708527326
Batch_3,measured,2.0,18,3.6413140990201494
Batch_3,measured,2.0,19,3.954838399673767
Batch_3,measured,2.0,20,3.647959984078585
Batch_3,measured,2.0,21,3.6413140990201494
Batch_3,measured,2.0,22,3.80678470164687
Batch_3,measured,2.0,23,4.155409763407262
Batch_3,measured,2.0,24,3.9744470708527326
Batch_3,measured,2.0,25,3.9470463448428563
Batch_3,measured,2.0,26,3.647959984078585
Batch_3,measured,2.0,27,3.936076512126381
Batch_3,measured,2.0,28,3.9614839931296597
Batch_3,measured,2.0,29,3.647959984078585
Batch_3,corrected,0.1,0,5.24999999999999
Batch_3,corrected,0.1,1,5.250000000000008
Batch_3,corrected,0.1,2,5.2499999999999885
Batch_3,corrected,0.1,3,5.250000000000001
Batch_3,corrected,0.1,4,5.24999999999999
Batch_3,corrected,0.1,5,5.2499999999999885
Batch_3,corrected,0.1,6,5.250000000000001
Batch_3,corrected,0.1,7,5.2499999999999885
Batch_3,corrected,0.1,8,5.24999999999999
Batch_3,corrected,0.1,9,5.250000000000008
Batch_3,corrected,0.1,10,5.2500000000000036
Batch_3,corrected,0.1,11,5.250000000000006
Batch_3,corrected,0.1,12,5.250000000000004
Batch_3,corrected,0.1,13,5.249999999999996
Batch_3,corrected,0.1,14,5.250000000000008
Batch_3,corrected,0.1,15,5.249999999999996
Batch_3,corrected,0.1,16,5.249999999999991
Batch_3,corrected,0.1,17,5.2499999999999885
Batch_3,corrected,0.1,18,5.250000000000006
Batch_3,corrected,0.1,19,5.250000000000008
Batch_3,corrected,0.1,20,5.249999999999996
Batch_3,corrected,0.1,21,5.250000000000006
Batch_3,corrected,0.1,22,5.250000000000006
Batch_3,corrected,0.1,23,5.250000000000006
Batch_3,corrected,0.1,24,5.249999999999994
Batch_3,corrected,0.1,25,5.249999999999994
Batch_3,corrected,0.1,26,5.249999999999991
Batch_3,corrected,0.1,27,5.250000000000006
Batch_3,corrected,0.1,28,5.250000000000007
Batch_3,corrected,0.1,29,5.250000000000006
Batch_3,corrected,0.5,0,5.249999999999992
Batch_3,corrected,0.5,1,5.2500000000000036
Batch_3,corrected,0.5,2,5.250000000000004
Batch_3,corrected,0.5,3,5.249999999999996
Batch_3,corrected,0.5,4,5.250000000000003
Batch_3,corrected,0.5,5,5.250000000000004
Batch_3,corrected,0.5,6,5.249999999999996
Batch_3,corrected,0.5,7,5.250000000000004
Batch_3,corrected,0.5,8,5.249999999999992
Batch_3,corrected,0.5,9,5.2500000000000036
Batch_3,corrected,0.5,10,5.250000000000004
Batch_3,corrected,0.5,11,5.250000000000011
Batch_3,corrected,0.5,12,5.250000000000006
Batch_3,corrected,0.5,13,5.250000000000004
Batch_3,corrected,0.5,14,5.2500000000000036
Batch_3,corrected,0.5,15,5.250000000000004
Batch_3,corrected,0.5,16,5.249999999999991
Batch_3,corrected,0.5,17,5.250000000000011
Batch_3,corrected,0.5,18,5.249999999999999
Batch_3,corrected,0.5,19,5.2500000000000036
Batch_3,corrected,0.5,20,5.249999999999988
Batch_3,corrected,0.5,21,5.250000000000011
Batch_3,corrected,0.5,22,5.250000000000011
Batch_3,corrected,0.5,23,5.250000000000011
Batch_3,corrected,0.5,24,5.2500000000000036
Batch_3,corrected,0.5,25,5.2500000000000036
Batch_3,corrected,0.5,26,5.249999999999991
Batch_3,corrected,0.5,27,5.249999999999999
Batch_3,corrected,0.5,28,5.249999999999993
Batch_3,corrected,0.5,29,5.250000000000011
Batch_3,corrected,1.0,0,5.25
Batch_3,corrected,1.0,1,5.249999999999997
Batch_3,corrected,1.0,2,5.249999999999998
Batch_3,corrected,1.0,3,5.249999999999994
Batch_3,corrected,1.0,4,5.249999999999997
Batch_3,corrected,1.0,5,5.249999999999998
Batch_3,corrected,1.0,6,5.249999999999994
Batch_3,corrected,1.0,7,5.249999999999998
Batch_3,corrected,1.0,8,5.25
Batch_3,corrected,1.0,9,5.249999999999997
Batch_3,corrected,1.0,10,5.249999999999991
Batch_3,corrected,1.0,11,5.250000000000009
Batch_3,corrected,1.0,12,5.249999999999998
Batch_3,corrected,1.0,13,5.250000000000005
Batch_3,corrected,1.0,14,5.249999999999997
Batch_3,corrected,1.0,15,5.250000000000005
Batch_3,corrected,1.0,16,5.249999999999994
Batch_3,corrected,1.0,17,5.249999999999999
Batch_3,corrected,1.0,18,5.2499999999999885
Batch_3,corrected,1.0,19,5.249999999999997
Batch_3,corrected,1.0,20,5.249999999999998
Batch_3,corrected,1.0,21,5.250000000000009
Batch_3,corrected,1.0,22,5.250000000000009
Batch_3,corrected,1.0,23,5.250000000000009
Batch_3,corrected,1.0,24,5.249999999999996
Batch_3,corrected,1.0,25,5.249999999999996
Batch_3,corrected,1.0,26,5.249999999999994
Batch_3,corrected,1.0,27,5.2499999999999885
Batch_3,corrected,1.0,28,5.250000000000005
Batch_3,corrected,1.0,29,5.250000000000009
Batch_3,corrected,2.0,0,5.113967822085907
Batch_3,corrected,2.0,1,5.113807420602846
Batch_3,corrected,2.0,2,5.11366421748463
Batch_3,corrected,2.0,3,5.1144606773563135
Batch_3,corrected,2.0,4,5.1129530493904385
Batch_3,corrected,2.0,5,5.11366421748463
Batch_3,corrected,2.0,6,5.1144606773563135
Batch_3,corrected,2.0,7,5.11366421748463
Batch_3,corrected,2.0,8,5.113967822085907
Batch_3,corrected,2.0,9,5.113807420602846
Batch_3,corrected,2.0,10,5.113323744306702
Batch_3,corrected,2.0,11,5.113329499390485
Batch_3,corrected,2.0,12,5.1143853630031995
Batch_3,corrected,2.0,13,5.113561646152138
Batch_3,corrected,2.0,14,5.113807420602846
Batch_3,corrected,2.0,15,5.113561646152138
Batch_3,corrected,2.0,16,5.11396280882904
Batch_3,corrected,2.0,17,5.113198979608195
Batch_3,corrected,2.0,18,5.1140300698529995
Batch_3,corrected,2.0,19,5.113807420602846
Batch_3,corrected,2.0,20,5.112877249468023
Batch_3,corrected,2.0,21,5.113329499390485
Batch_3,corrected,2.0,22,5.113329499390485
Batch_3,corrected,2.0,23,5.113329499390485
Batch_3,corrected,2.0,24,5.114438545407225
Batch_3,corrected,2.0,25,5.114438545407225
Batch_3,corrected,2.0,26,5.11396280882904
Batch_3,corrected,2.0,27,5.1140300698529995
Batch_3,corrected,2.0,28,5.1135062122583115
Batch_3,corrected,2.0,29,5.113329499390485
