image_id,batch,pred,dist,thr,call_inout,variant
0grcilhi,Batch_3,Batch_3,1.8107112123560174,3.34764314073674,IN,bse
3806gxp0,Batch_2,Batch_2,1.5617793717551687,3.4335757968610987,IN,bse
4ih2ggld,Batch_1,Batch_1,7.232355279713292,3.36312562695258,OUT,bse
5n1q8atc,Batch_1,Batch_1,5.799285606150389,3.5458819774629387,OUT,bse
71vgq3fw,Batch_3,Batch_3,1.7865275714106086,3.159649664462384,IN,bse
9luzk4jm,Batch_3,Batch_2,1.859100351074401,3.4858414232320722,IN,bse
avn74qx1,Batch_2,Batch_1,2.2284066029683243,3.3418609917676405,IN,bse
b3esycq1,Batch_2,Batch_2,1.454887354347481,3.422570500363657,IN,bse
cfe5vt7s,Batch_3,Batch_2,2.6344174685843678,3.052309470993883,IN,bse
epqdaau9,Batch_2,Batch_1,3.1243185804890143,3.500341980057373,IN,bse
f1vzngrs,Batch_1,Batch_2,2.7196124910686095,3.4200265119287354,IN,bse
ffwubibz,Batch_1,Batch_2,1.1769072023716143,3.421221592131883,IN,bse
fzrt2k6r,Batch_1,Batch_2,1.9915783636554696,3.333415338997502,IN,bse
hawkfj64,Batch_3,Batch_3,2.5573107321971498,3.416191453790495,IN,bse
hzumfsms,Batch_3,Batch_3,2.343120124690936,3.4348265788540355,IN,bse
i9jiqjwl,Batch_2,Batch_2,0.9027317457490198,3.7314264154664483,IN,bse
iv6g2oq0,Batch_1,Batch_2,2.602405862568522,3.255432833139788,IN,bse
kbdh4tri,Batch_3,Batch_3,1.7409627269213261,3.1361020035805898,IN,bse
mgxahqnk,Batch_3,Batch_3,4.23338632155723,3.3664403750492915,OUT,bse
pl8uabbv,Batch_3,Batch_2,1.4034516293486723,3.369616960776453,IN,bse
ptg8lmto,Batch_3,Batch_1,3.1779521731371867,3.4143487678443862,IN,bse
r17byphk,Batch_2,Batch_1,2.7152882576540978,3.2201851619102184,IN,bse
rxax5ozo,Batch_2,Batch_2,1.3970291102421795,3.465504796200372,IN,bse
tuy3zymq,Batch_3,Batch_3,2.7334957033968816,3.0221960121139144,IN,bse
ufdvpb81,Batch_3,Batch_3,0.9990478698722607,3.34798461773582,IN,bse
uhdslk0o,Batch_1,Batch_1,2.905052459111027,3.352277143194003,IN,bse
utfgcjfa,Batch_3,Batch_2,1.9780457961945235,3.3213951244299915,IN,bse
vc2whyaq,Batch_3,Batch_2,3.5171386558392728,3.101783686019166,OUT,bse
x77cy643,Batch_3,Batch_3,2.823279553280215,3.1669854091336176,IN,bse
x7u69zsw,Batch_3,Batch_2,2.492660348761837,3.0602167167946988,IN,bse
xgj4xftb,Batch_3,Batch_3,3.200913472390669,3.520993583709954,IN,bse
0grcilhi,Batch_3,Batch_3,2.7707608997644666,3.053355956874766,IN,inlens
3806gxp0,Batch_2,Batch_2,2.523700236416324,2.9063275951468563,IN,inlens
4ih2ggld,Batch_1,Batch_1,3.9471076747917784,3.0679299411443535,OUT,inlens
5n1q8atc,Batch_1,Batch_1,3.3776012307999794,3.047019355262753,OUT,inlens
71vgq3fw,Batch_3,Batch_3,1.6874937467863829,3.045499507884492,IN,inlens
9luzk4jm,Batch_3,Batch_1,4.564515738445066,2.9041250974491675,OUT,inlens
avn74qx1,Batch_2,Batch_2,3.5945214041196043,3.04268830566713,OUT,inlens
b3esycq1,Batch_2,Batch_1,3.13583396273026,2.9990562927806135,OUT,inlens
cfe5vt7s,Batch_3,Batch_3,2.33133260493809,2.9144035560225596,IN,inlens
epqdaau9,Batch_2,Batch_1,2.6119154578470827,2.9949166416325395,IN,inlens
f1vzngrs,Batch_1,Batch_1,2.4306060680034265,2.9859763211261825,IN,inlens
ffwubibz,Batch_1,Batch_2,2.8660618892562284,3.088362071077824,IN,inlens
fzrt2k6r,Batch_1,Batch_2,3.6829213961699456,3.0232350087799147,OUT,inlens
hawkfj64,Batch_3,Batch_3,2.9674746701069807,3.0162610784376427,IN,inlens
hzumfsms,Batch_3,Batch_3,1.9634104153057301,3.049035626579721,IN,inlens
i9jiqjwl,Batch_2,Batch_3,2.6524797380827145,2.877973292441381,IN,inlens
iv6g2oq0,Batch_1,Batch_2,4.039706912815641,3.159761469110178,OUT,inlens
kbdh4tri,Batch_3,Batch_3,1.6078110188707417,2.822349645320439,IN,inlens
mgxahqnk,Batch_3,Batch_3,1.8936577462120843,2.855686670238058,IN,inlens
pl8uabbv,Batch_3,Batch_1,2.4062879860653146,3.0748491577157058,IN,inlens
ptg8lmto,Batch_3,Batch_3,3.685023643248969,3.118143295348064,OUT,inlens
r17byphk,Batch_2,Batch_2,2.7959028226054716,2.9561187688484782,IN,inlens
rxax5ozo,Batch_2,Batch_2,2.937585050239627,2.9760968148194076,IN,inlens
tuy3zymq,Batch_3,Batch_3,2.3625094768775927,2.8284951350584295,IN,inlens
ufdvpb81,Batch_3,Batch_1,3.1166965154215647,2.8831886276894583,OUT,inlens
uhdslk0o,Batch_1,Batch_1,3.031420969330183,2.9768865322546647,OUT,inlens
utfgcjfa,Batch_3,Batch_2,3.6673470600723563,2.918662097400226,OUT,inlens
vc2whyaq,Batch_3,Batch_2,3.5609103758074,2.850356296178505,OUT,inlens
x77cy643,Batch_3,Batch_2,2.5573795371573875,3.0302262630620214,IN,inlens
x7u69zsw,Batch_3,Batch_3,2.324607089731146,2.974769839404327,IN,inlens
xgj4xftb,Batch_3,Batch_3,2.5770931974957296,3.1374762128056712,IN,inlens
0grcilhi,Batch_3,Batch_3,1.7750232278865654,3.401097945096095,IN,etd
3806gxp0,Batch_2,Batch_2,2.538810000339604,3.5640893459554133,IN,etd
4ih2ggld,Batch_1,Batch_1,6.4241567761584175,3.4365737177167714,OUT,etd
5n1q8atc,Batch_1,Batch_1,6.246971759306218,3.6072298884412333,OUT,etd
71vgq3fw,Batch_3,Batch_1,2.652412898798231,3.4805685998357343,IN,etd
9luzk4jm,Batch_3,Batch_1,2.1677516705895754,3.2812091889231523,IN,etd
avn74qx1,Batch_2,Batch_2,3.505958427682059,3.5717358885730333,IN,etd
b3esycq1,Batch_2,Batch_1,3.925555686789997,3.340714456912026,OUT,etd
cfe5vt7s,Batch_3,Batch_2,4.7856997027266,3.2500841834948475,OUT,etd
epqdaau9,Batch_2,Batch_1,3.91037926332001,3.407656201369732,OUT,etd
f1vzngrs,Batch_1,Batch_2,3.9246464088955975,3.7653815133685287,OUT,etd
ffwubibz,Batch_1,Batch_2,1.6527233404924986,3.493638303944996,IN,etd
fzrt2k6r,Batch_1,Batch_1,2.6478492120659047,3.386067726268373,IN,etd
hawkfj64,Batch_3,Batch_3,1.40789973547972,3.3884620424530465,IN,etd
hzumfsms,Batch_3,Batch_3,3.1990756902352473,3.466765700510399,IN,etd
i9jiqjwl,Batch_2,Batch_2,1.9919288565121362,3.480583256987167,IN,etd
iv6g2oq0,Batch_1,Batch_2,2.018970242195647,3.48532129063688,IN,etd
kbdh4tri,Batch_3,Batch_3,3.7265080950353475,3.3493146049801807,OUT,etd
mgxahqnk,Batch_3,Batch_1,2.174906549857604,3.4629095649410595,IN,etd
pl8uabbv,Batch_3,Batch_3,1.297855266666495,3.3904313517463214,IN,etd
ptg8lmto,Batch_3,Batch_3,2.434323357817564,3.582775644935734,IN,etd
r17byphk,Batch_2,Batch_2,1.909192075238249,3.440427746501137,IN,etd
rxax5ozo,Batch_2,Batch_3,1.2592531664560966,3.474397892508041,IN,etd
tuy3zymq,Batch_3,Batch_3,2.827407293341161,3.5451902779989903,IN,etd
ufdvpb81,Batch_3,Batch_1,2.4129660475932773,3.3413608216878337,IN,etd
uhdslk0o,Batch_1,Batch_1,3.9687947238033336,3.4696095214055034,OUT,etd
utfgcjfa,Batch_3,Batch_2,1.662494202041837,3.303044140572818,IN,etd
vc2whyaq,Batch_3,Batch_2,1.836610969722625,3.363018696015857,IN,etd
x77cy643,Batch_3,Batch_2,3.4782136551479876,3.4810859508543377,IN,etd
x7u69zsw,Batch_3,Batch_3,4.279568137936956,3.2787445868030134,OUT,etd
xgj4xftb,Batch_3,Batch_3,2.7757889764360892,3.3164787263008884,IN,etd
0grcilhi,Batch_3,Batch_3,2.995521324125205,3.0716071947332444,IN,all
3806gxp0,Batch_2,Batch_2,2.19354095742694,3.1323315765299427,IN,all
4ih2ggld,Batch_1,Batch_1,4.527331284379173,3.1362947078190695,OUT,all
5n1q8atc,Batch_1,Batch_1,6.351531131304314,3.0933814351123936,OUT,all
71vgq3fw,Batch_3,Batch_3,2.4087747214366564,3.355171601691959,IN,all
9luzk4jm,Batch_3,Batch_1,2.3427185213715855,3.03683144182352,IN,all
avn74qx1,Batch_2,Batch_2,3.0666629144087754,3.075570298495753,IN,all
b3esycq1,Batch_2,Batch_1,1.9818497100325039,3.238070449350798,IN,all
cfe5vt7s,Batch_3,Batch_2,2.2052982742088916,3.002800428333767,IN,all
epqdaau9,Batch_2,Batch_1,3.4608429931784657,3.2057796874995277,OUT,all
f1vzngrs,Batch_1,Batch_1,2.592072662791935,3.273984852402314,IN,all
ffwubibz,Batch_1,Batch_2,1.8221375077353688,3.2505494527370553,IN,all
fzrt2k6r,Batch_1,Batch_2,2.3842815932628434,3.1361251323746537,IN,all
hawkfj64,Batch_3,Batch_3,1.6121031603439824,3.1871604129690496,IN,all
hzumfsms,Batch_3,Batch_3,3.534583641904251,3.303426848332414,OUT,all
i9jiqjwl,Batch_2,Batch_1,2.0106652193273944,3.2350942373578975,IN,all
iv6g2oq0,Batch_1,Batch_2,2.8663626327194467,3.0459278671632717,IN,all
kbdh4tri,Batch_3,Batch_2,2.285823043115438,3.020694263196657,IN,all
mgxahqnk,Batch_3,Batch_3,1.2481983692415632,3.0795538211007853,IN,all
pl8uabbv,Batch_3,Batch_3,1.8849291031139677,2.9877542842438958,IN,all
ptg8lmto,Batch_3,Batch_2,2.9514220873709154,3.223834957856963,IN,all
r17byphk,Batch_2,Batch_2,2.7237819105233876,3.067286864049115,IN,all
rxax5ozo,Batch_2,Batch_2,1.730523895098341,3.194440205382097,IN,all
tuy3zymq,Batch_3,Batch_3,2.776906846328601,2.9944639386253677,IN,all
ufdvpb81,Batch_3,Batch_1,2.122841914802325,2.8888266578418382,IN,all
uhdslk0o,Batch_1,Batch_1,3.855415431382814,2.9656458772488947,OUT,all
utfgcjfa,Batch_3,Batch_2,1.8450253781896364,3.0708031572682697,IN,all
vc2whyaq,Batch_3,Batch_2,3.0957147723949516,3.085390535350295,OUT,all
x77cy643,Batch_3,Batch_2,4.461100488487789,3.0160453023308147,OUT,all
x7u69zsw,Batch_3,Batch_3,3.374394022293111,3.1245236156747724,OUT,all
xgj4xftb,Batch_3,Batch_3,3.9069045304023406,3.27993481401864,OUT,all
