batch,image_id,pore_L,pore_R,silicon_L,silicon_R
Batch_1,4ih2ggld,0.1024982447408882,0.12334299589896422,0.17745842430562345,0.16030440784815603
Batch_1,5n1q8atc,0.08753034789045151,0.07531112755983223,0.1640028374043918,0.2081951640759931
Batch_1,f1vzngrs,0.07401143609533556,0.08412290502793296,0.09517789866005877,0.07152114924181963
Batch_1,ffwubibz,0.09539318926286632,0.09104519230769231,0.04912694835887176,0.04825769230769231
Batch_1,fzrt2k6r,0.10226590051437967,0.10958723430654187,0.06005572225512617,0.07687062457813285
Batch_1,iv6g2oq0,0.11242202634637738,0.11213951310861424,0.04252566834560248,0.07959366524602868
Batch_1,uhdslk0o,0.10481763786613804,0.10493617021276595,0.06575434926696382,0.0643080547112462
Batch_2,3806gxp0,0.11190387834821429,0.12713657924107144,0.07076883370535714,0.05028766741071428
Batch_2,avn74qx1,0.11333302260467276,0.11069419642857142,0.03346408125535867,0.05568387276785714
Batch_2,b3esycq1,0.11368857672939306,0.103652133580705,0.09130731513384574,0.084087596077392
Batch_2,epqdaau9,0.09268488959829742,0.09593641926044161,0.08948523543495611,0.04406996541633413
Batch_2,i9jiqjwl,0.09353565304372678,0.10998692152917505,0.06780143924421062,0.08170120724346076
Batch_2,r17byphk,0.12482445054945054,0.12068708791208792,0.059370192307692304,0.05660480769230769
Batch_2,rxax5ozo,0.09236349820392374,0.10592263056092843,0.06826015473887814,0.048153633600442114
Batch_3,0grcilhi,0.15140655433365116,0.1475994942132326,0.08277364961417548,0.05178685506783451
Batch_3,71vgq3fw,0.09698984730727503,0.09252005427348174,0.08481924100367096,0.06074662108730095
Batch_3,9luzk4jm,0.14028147235905858,0.15210276409414342,0.06408648056923918,0.05800752599890531
Batch_3,cfe5vt7s,0.11135233516483517,0.10606978021978022,0.07529464285714285,0.06756208791208791
Batch_3,hawkfj64,0.10263640456182473,0.10840651260504201,0.04891581632653061,0.05295183073229292
Batch_3,hzumfsms,0.17122454844006568,0.15768746579091406,0.05185769020251779,0.048288587848932675
Batch_3,kbdh4tri,0.09256296809986131,0.09814355062413314,0.08720554785020805,0.09113356449375867
Batch_3,mgxahqnk,0.09809618847539016,0.11688655462184874,0.04285519207683073,0.0972999699879952
Batch_3,pl8uabbv,0.12578143863179075,0.10976986921529175,0.06003558853118712,0.06186946680080483
Batch_3,ptg8lmto,0.08997288838994764,0.09729652605459058,0.0691730781641263,0.042743353420772776
Batch_3,tuy3zymq,0.09491719833564494,0.10425492371705963,0.10652177531206658,0.08092274618585298
Batch_3,ufdvpb81,0.1254310070998425,0.1343592069031236,0.03723241414360477,0.07803775118348963
Batch_3,utfgcjfa,0.11141555882167539,0.11269979640203355,0.05625762386464551,0.062288010944081894
Batch_3,vc2whyaq,0.1090297697656639,0.1102644376899696,0.06660938770568878,0.053090632771483834
Batch_3,x77cy643,0.11103567885710873,0.10897481622546401,0.08096088065797201,0.04904059573140993
Batch_3,x7u69zsw,0.0834001115436588,0.10146338418862691,0.09887901397625397,0.09343009708737864
Batch_3,xgj4xftb,0.10686711623384774,0.10652906770648705,0.061738128653560716,0.06490659340659341
