image_id,batch,dist,threshold,call_inout,pred_batch,conf,drivers,feats
f1vzngrs,Batch_1,4.657973487423585,3.297016000333217,OUT,Batch_3,0.4741236285426427,gr_st_coherence:1.54|si_d10_um:1.36|graphite_frac:1.02,si_d10_um|gr_chord_h_um|gr_chord_ratio_hv|gr_st_coherence|inlens_bulk_texture|graphite_frac
ffwubibz,Batch_1,4.431940370136119,3.2164058393204353,OUT,Batch_1,0.47505229742024496,gr_chord_h_um:1.91|gr_st_coherence:1.72|si_d10_um:1.14,si_d10_um|gr_st_coherence|pores_per_mm2|inlens_bulk_texture|inlens_edge_density|gr_chord_h_um
fzrt2k6r,Batch_1,2.526539573274921,3.2970160003332154,IN,Batch_3,0.37807705003797104,gr_chord_ratio_hv:0.75|inlens_bulk_texture:0.72|gr_st_coherence:0.61,si_d10_um|gr_chord_h_um|gr_st_coherence|graphite_frac|gr_chord_ratio_hv|inlens_bulk_texture
iv6g2oq0,Batch_1,2.8925311477441653,3.1652283166607984,IN,Batch_2,0.3456894709593929,gr_st_coherence:1.18|gr_chord_h_um:0.99|pores_per_mm2:0.99,si_d10_um|gr_st_coherence|pores_per_mm2|gr_chord_h_um|graphite_frac|inlens_bulk_texture
uhdslk0o,Batch_1,1.8455113848093192,3.297016000333215,IN,Batch_3,0.38996782034058797,graphite_frac:0.57|gr_chord_h_um:0.50|inlens_bulk_texture:0.49,si_d10_um|gr_chord_h_um|gr_st_coherence|gr_chord_ratio_hv|inlens_bulk_texture|graphite_frac
3806gxp0,Batch_2,3.2480672205413517,3.2970160003332163,IN,Batch_3,0.4845716752056464,gr_st_coherence:2.06|gr_chord_ratio_hv:1.06|si_d10_um:0.24,si_d10_um|gr_chord_h_um|gr_st_coherence|inlens_bulk_texture|gr_chord_ratio_hv|graphite_frac
avn74qx1,Batch_2,3.8673556945628054,3.2970160003332163,OUT,Batch_1,0.6963112982757497,gr_st_coherence:2.54|si_d10_um:1.51|gr_chord_h_um:1.49,si_d10_um|gr_chord_h_um|gr_st_coherence|inlens_bulk_texture|gr_chord_ratio_hv|graphite_frac
b3esycq1,Batch_2,2.1452106889318134,3.297016000333217,IN,Batch_3,0.6056031656047599,graphite_frac:1.14|gr_st_coherence:0.96|inlens_bulk_texture:0.68,si_d10_um|gr_st_coherence|gr_chord_h_um|inlens_bulk_texture|gr_chord_ratio_hv|graphite_frac
epqdaau9,Batch_2,2.720751441370394,3.046535828912885,IN,Batch_2,0.5324531136604638,gr_st_coherence:1.39|graphite_frac:1.07|gr_chord_ratio_hv:0.68,gr_st_coherence|gr_chord_h_um|inlens_bulk_texture|gr_chord_ratio_hv|graphite_frac|inlens_edge_density
i9jiqjwl,Batch_2,3.9395992397108808,3.297016000333217,OUT,Batch_1,0.4621068478340983,gr_st_coherence:1.63|inlens_bulk_texture:1.09|si_d10_um:0.51,si_d10_um|gr_st_coherence|gr_chord_h_um|inlens_bulk_texture|gr_chord_ratio_hv|graphite_frac
r17byphk,Batch_2,2.4860087570108185,3.297016000333217,IN,Batch_3,0.520589322473882,gr_chord_ratio_hv:1.21|gr_st_coherence:0.78|inlens_bulk_texture:0.12,si_d10_um|gr_st_coherence|gr_chord_h_um|inlens_bulk_texture|gr_chord_ratio_hv|graphite_frac
rxax5ozo,Batch_2,2.33255829143541,3.297016000333217,IN,Batch_1,0.3860914526187814,graphite_frac:1.35|gr_chord_h_um:0.97|si_d10_um:0.80,si_d10_um|gr_st_coherence|gr_chord_h_um|inlens_bulk_texture|gr_chord_ratio_hv|graphite_frac
0grcilhi,Batch_3,4.60522923591369,3.345895045049191,OUT,Batch_3,0.46872049183022785,graphite_frac:2.69|gr_st_coherence:2.07|inlens_bulk_texture:1.15,si_d10_um|gr_st_coherence|gr_chord_h_um|inlens_bulk_texture|gr_chord_ratio_hv|graphite_frac
71vgq3fw,Batch_3,2.2991124727867196,3.4062326012367015,IN,Batch_3,0.5259457005401362,gr_chord_ratio_hv:1.32|inlens_bulk_texture:0.82|graphite_frac:0.81,si_d10_um|gr_st_coherence|gr_chord_h_um|inlens_bulk_texture|graphite_frac|gr_chord_ratio_hv
9luzk4jm,Batch_3,2.5434756251205095,3.284190233565954,IN,Batch_3,0.7542840927658271,graphite_frac:2.31|si_d10_um:2.19|gr_chord_ratio_hv:1.08,si_d10_um|gr_st_coherence|gr_chord_h_um|inlens_bulk_texture|graphite_frac|gr_chord_ratio_hv
cfe5vt7s,Batch_3,1.467513291821353,3.25163588564402,IN,Batch_2,0.4671621782146148,si_d10_um:1.17|gr_st_coherence:0.99|gr_chord_ratio_hv:0.57,si_d10_um|gr_st_coherence|gr_chord_h_um|inlens_bulk_texture|gr_chord_ratio_hv|graphite_frac
hawkfj64,Batch_3,3.8870997313080533,3.2631931616689656,OUT,Batch_1,0.5816483184643931,gr_st_coherence:2.68|graphite_frac:1.79|gr_chord_ratio_hv:1.56,si_d10_um|gr_st_coherence|gr_chord_h_um|graphite_frac|gr_chord_ratio_hv|inlens_bulk_texture
hzumfsms,Batch_3,4.015247544977615,3.4492999608514996,OUT,Batch_3,0.7150167083832965,graphite_frac:2.51|si_d10_um:2.36|inlens_bulk_texture:0.76,si_d10_um|gr_st_coherence|gr_chord_h_um|inlens_bulk_texture|gr_chord_ratio_hv|graphite_frac
kbdh4tri,Batch_3,3.025454460791785,3.635023893032246,IN,Batch_3,0.6522326652393782,gr_chord_h_um:1.56|gr_st_coherence:1.13|inlens_bulk_texture:0.76,si_d10_um|gr_st_coherence|gr_chord_h_um|inlens_bulk_texture|graphite_frac|gr_chord_ratio_hv
mgxahqnk,Batch_3,2.5337885243892364,3.35793833017466,IN,Batch_1,0.4203947716187779,gr_st_coherence:2.48|gr_chord_ratio_hv:1.40|inlens_bulk_texture:1.30,si_d10_um|gr_st_coherence|gr_chord_h_um|gr_chord_ratio_hv|graphite_frac|inlens_bulk_texture
pl8uabbv,Batch_3,2.653359977289592,3.3308969508851893,IN,Batch_3,0.4952579532682424,gr_st_coherence:1.32|gr_chord_ratio_hv:0.88|inlens_bulk_texture:0.57,si_d10_um|gr_st_coherence|gr_chord_h_um|inlens_bulk_texture|graphite_frac|gr_chord_ratio_hv
ptg8lmto,Batch_3,3.8021482125585706,3.540873090172984,OUT,Batch_1,0.581019379423426,graphite_frac:2.13|gr_chord_ratio_hv:1.99|gr_chord_h_um:1.04,si_d10_um|gr_chord_h_um|gr_st_coherence|graphite_frac|gr_chord_ratio_hv|inlens_bulk_texture
tuy3zymq,Batch_3,4.40070320318054,3.56095460241972,OUT,Batch_3,0.6248343592969252,gr_chord_h_um:2.04|gr_st_coherence:1.04|graphite_frac:1.00,si_d10_um|gr_chord_h_um|gr_st_coherence|inlens_bulk_texture|gr_chord_ratio_hv|graphite_frac
ufdvpb81,Batch_3,2.844042490846765,3.371432468040716,IN,Batch_3,0.6641137125636254,si_d10_um:1.21|inlens_bulk_texture:1.17|gr_chord_ratio_hv:0.74,si_d10_um|gr_st_coherence|inlens_bulk_texture|gr_chord_h_um|graphite_frac|gr_chord_ratio_hv
utfgcjfa,Batch_3,2.316321091098628,3.436240014547449,IN,Batch_3,0.6275416658091875,si_d10_um:1.20|inlens_bulk_texture:1.12|gr_chord_h_um:0.72,si_d10_um|gr_chord_h_um|gr_st_coherence|graphite_frac|inlens_bulk_texture|gr_chord_ratio_hv
vc2whyaq,Batch_3,6.15387314855319,3.3931558540741324,OUT,Batch_1,0.5811327808592318,si_d10_um:4.06|gr_chord_ratio_hv:2.17|gr_chord_h_um:1.09,si_d10_um|gr_chord_h_um|gr_st_coherence|gr_chord_ratio_hv|graphite_frac|inlens_bulk_texture
x77cy643,Batch_3,3.8873231984930787,3.3456836660564724,OUT,Batch_3,0.589682296081809,si_d10_um:2.72|inlens_bulk_texture:1.26|inlens_edge_density:0.98,si_d10_um|gr_st_coherence|gr_chord_h_um|inlens_edge_density|graphite_frac|inlens_bulk_texture
x7u69zsw,Batch_3,1.5631054274453404,3.2879952768057397,IN,Batch_3,0.6397637216452582,gr_st_coherence:1.12|gr_chord_h_um:0.93|graphite_frac:0.75,si_d10_um|gr_st_coherence|gr_chord_h_um|inlens_bulk_texture|gr_chord_ratio_hv|graphite_frac
xgj4xftb,Batch_3,2.542146668496995,3.2869116921419366,IN,Batch_3,0.5038342165132884,inlens_bulk_texture:1.68|gr_chord_ratio_hv:0.97|graphite_frac:0.83,si_d10_um|gr_st_coherence|gr_chord_h_um|graphite_frac|gr_chord_ratio_hv|inlens_bulk_texture
