si_bulk_contrast,noise_mad,sharpness,shading_range,batch,image_id,flag_score,flagged,flag_reason
2.149484157562256,11.860799789428713,11.224006652832031,43.909942626953125,Batch_1,4ih2ggld,,True,low Si/bulk contrast; high noise; high noise-driven sharpness
2.269249677658081,11.860799789428713,11.418384552001951,42.13862609863281,Batch_1,5n1q8atc,,True,low Si/bulk contrast; high noise; high noise-driven sharpness
4.053238868713379,10.378199577331545,10.553675651550291,43.1973876953125,Batch_1,f1vzngrs,,False,
4.0966877937316895,10.378199577331545,9.85997200012207,36.62305450439453,Batch_1,ffwubibz,,False,
3.6250953674316406,10.378199577331545,10.293341636657717,40.524879455566406,Batch_1,fzrt2k6r,,False,
4.089156627655029,10.378199577331545,10.132491111755373,47.59877014160156,Batch_1,iv6g2oq0,,False,
3.845147848129273,10.378199577331545,10.392072677612305,43.72030258178711,Batch_1,uhdslk0o,,False,
4.277923583984375,10.378199577331545,9.840590476989746,41.192657470703125,Batch_2,3806gxp0,,False,
4.407785415649414,10.378199577331545,9.709776878356934,41.55010223388672,Batch_2,avn74qx1,,False,
3.617150068283081,10.378199577331545,10.367913246154783,43.480743408203125,Batch_2,b3esycq1,,False,
4.447174072265625,10.378199577331545,10.521276473999023,46.87199401855469,Batch_2,epqdaau9,,False,
3.6426539421081534,10.378199577331545,10.293241500854492,38.16472625732422,Batch_2,i9jiqjwl,,False,
3.6604702472686768,10.378199577331545,9.820879936218262,44.492919921875,Batch_2,r17byphk,,False,
4.296634197235107,10.378199577331545,9.537160873413086,41.12254333496094,Batch_2,rxax5ozo,,False,
3.780362129211426,8.895599365234375,9.082718849182127,50.2008056640625,Batch_3,0grcilhi,,False,
4.140589714050293,7.413000106811523,6.953917026519775,32.67122268676758,Batch_3,71vgq3fw,,False,
4.633558750152588,7.413000106811523,7.313587665557861,36.81862258911133,Batch_3,9luzk4jm,,False,
3.945610284805298,10.378199577331545,9.991898536682127,41.83634948730469,Batch_3,cfe5vt7s,,False,
4.345321178436279,8.895599365234375,9.160367965698242,36.15791320800781,Batch_3,hawkfj64,,False,
4.618791103363037,7.413000106811523,7.201808452606201,48.94163513183594,Batch_3,hzumfsms,,False,
3.700209856033325,7.413000106811523,7.019622802734375,26.296615600585938,Batch_3,kbdh4tri,,False,
4.397092819213867,8.895599365234375,9.277347564697266,46.73556518554688,Batch_3,mgxahqnk,,False,
3.983452320098877,10.378199577331545,10.150270462036133,42.57199096679688,Batch_3,pl8uabbv,,False,
4.397908687591553,8.895599365234375,9.701689720153809,39.9211311340332,Batch_3,ptg8lmto,,False,
3.4031612873077397,7.413000106811523,6.953060626983643,27.701416015625,Batch_3,tuy3zymq,,False,
4.505596160888672,7.413000106811523,7.267546653747559,36.81800079345703,Batch_3,ufdvpb81,,False,
4.494802951812744,10.378199577331545,9.465636253356934,47.67718124389648,Batch_3,utfgcjfa,,False,
4.486988544464111,10.378199577331545,9.502538681030272,44.28939437866211,Batch_3,vc2whyaq,,False,
4.436972618103027,10.378199577331545,9.546224594116213,38.75996017456055,Batch_3,x77cy643,,False,
3.9742062091827393,7.413000106811523,7.094663619995117,34.52893829345703,Batch_3,x7u69zsw,,False,
4.100443363189697,8.895599365234375,9.517066955566406,46.60446548461914,Batch_3,xgj4xftb,,False,
