feature,lr_corr,lr_mad,rel_mad
pore_frac,0.8721170794331041,0.008199810996275878,0.0748885136135091
graphite_frac,0.6954821607504711,0.019509012184237246,0.023860522337541015
silicon_frac,0.7413400116522914,0.018158476647298985,0.24915848873968924
si_share_of_solid,0.7318380940182785,0.020111425140001096,0.24634735201537453
si_per_mm2,0.9136186621810833,12826.363711627726,0.2675194483994877
si_d10_um,0.501963248275999,0.02198519229388556,0.059012704074313846
si_d50_um,0.6995031960628365,0.1099285013136442,0.1530860555477485
si_d90_um,0.19001764613036448,0.6408802794464564,0.26951686144104287
si_d99_um,-0.10272122278008855,0.9201065166322983,0.1777465645217923
si_dmax_um,0.010828462361211072,1.4909075178118438,0.20892355411692354
si_d50_area_um,0.07535154653030963,0.745514387874881,0.23317797776945912
si_large_area_frac,0.19597067819373643,0.11513054442563361,0.16086179085620364
si_solidity,0.6015853465403146,0.014372610112335149,0.016090535607443057
si_aspect,-0.0037849842647440755,0.13022222878008677,0.08457582336655357
si_sv,0.41966530555415915,0.5368446660457902,0.2497385132117513
si_cracked_share,,0.0,0.0
gr_chord_h_um,0.73193187131719,0.3431660479750406,0.09287073579574165
gr_chord_v_um,0.7207115218649104,0.2877689770062393,0.09331549837899397
gr_chord_ratio_hv,0.6076046842264664,0.035859037582808624,0.03002919268232216
gr_st_coherence,0.9530299765498169,0.002133290613851246,0.020217965640085787
gr_sv,0.3587017807743996,0.046578881458721744,0.07560464186618539
pore_thick_d10_um,0.5249866864434228,0.0020042757961999994,0.03805171296143974
pore_thick_d50_um,0.5828037367152417,0.027578771196889566,0.10408926206643276
pore_thick_d90_um,0.5988888737035408,0.15306566350521236,0.16344676374552472
large_gap_frac,0.7260797594185667,0.01205259298162712,1.134184489303477
crack_frac,0.25889114702815,0.007226636671708423,0.16241905528987868
compact_pore_frac,0.2090986495457337,0.009547304063970091,0.17558860904195686
pores_per_mm2,0.6297355774184576,16125.75689871967,0.10187410427531456
pore_chord_h_um,0.7161210239514557,0.052471563061000044,0.07963480941418764
pore_chord_v_um,0.6550657025041594,0.04650843591049659,0.08319996455895323
pore_anisotropy,0.47789830871205474,0.04191682452673239,0.0355687639610351
pore_depth_cv,-0.05201791968513737,0.09329933026912565,0.47248357104106636
pore_depth_slope,0.08183892814346308,0.04111309024924477,1.6716947806247882
crack_len_density,0.4664255681917307,0.016178398183896096,0.13703997217013836
si_pore_dist_mean_um,0.1625840555622809,0.12274356537758553,0.12247029333327987
ring_porosity_250nm,0.683996865740025,0.01526328496267444,0.1774692576615044
ring_porosity_500nm,0.6199872216259189,0.022929487428638432,0.11371743916497062
si_no_pore_share,0.3394674803866919,0.06007060015401188,0.3159806904108204
corr_len_pore_um,0.624609257107074,0.07580659742690123,0.11750006882692633
corr_len_si_um,0.019939395140878682,0.3306461029864732,0.20623793711070448
corr_len_gr_um,0.5287719419610436,0.12580634659368442,0.12850058537712164
lineal_path_pore_um,0.7161210239514557,0.052471563061000044,0.07963480941418764
si_clarkevans_R,0.5947195609313384,0.039843470036304236,0.05769369174923584
pore_patchiness_cv,0.32954504812299185,0.04277389583506118,0.37693959530777793
si_patchiness_cv,0.2673941613760064,0.14803069223893173,0.46212735194627247
inlens_edge_density,0.9619960214653254,0.0014605510138696223,0.034037245653589294
inlens_bulk_texture,0.9296212058655552,2.902644741919732,0.06064496378905127
etd_roughness,0.9637840501540677,0.0008696358530752029,0.02700050293453762
bse_bulk_texture,0.9839062159773118,0.24297381985572059,0.019129302910723834
tau_x,,,
tau_y,,,
pore_percolates_x,,0.0,0.0
pore_percolates_y,,0.0,0.0
pore_largest_cc_frac,0.5828663409758181,0.041816570435469144,0.6530830140807856
gr_st_orient_deg,0.77088933400886,4.560554139556423,0.6419378542441061
pore_percolates_x,,0.0,0.0
pore_percolates_y,,0.0,0.0
