image_id,batch,pred,correct
3806gxp0,Batch_2,Batch_3,False
avn74qx1,Batch_2,Batch_3,False
b3esycq1,Batch_2,Batch_2,True
epqdaau9,Batch_2,Batch_2,True
i9jiqjwl,Batch_2,Batch_2,True
r17byphk,Batch_2,Batch_3,False
rxax5ozo,Batch_2,Batch_3,False
0grcilhi,Batch_3,Batch_3,True
71vgq3fw,Batch_3,Batch_3,True
9luzk4jm,Batch_3,Batch_3,True
cfe5vt7s,Batch_3,Batch_2,False
hawkfj64,Batch_3,Batch_3,True
hzumfsms,Batch_3,Batch_3,True
kbdh4tri,Batch_3,Batch_3,True
mgxahqnk,Batch_3,Batch_3,True
pl8uabbv,Batch_3,Batch_2,False
ptg8lmto,Batch_3,Batch_3,True
tuy3zymq,Batch_3,Batch_3,True
ufdvpb81,Batch_3,Batch_3,True
utfgcjfa,Batch_3,Batch_3,True
vc2whyaq,Batch_3,Batch_3,True
x77cy643,Batch_3,Batch_3,True
x7u69zsw,Batch_3,Batch_3,True
xgj4xftb,Batch_3,Batch_3,True
