batch,image_id,um_per_px,px_source,crop,t_lo,t_hi_multiotsu,t_bright,bright_method,t_inlens,p_lo,p_hi,pore_frac,silicon_frac,graphite_frac,t_lo_L,t_hi_multiotsu_L,t_bright_L,bright_method_L,t_inlens_L,p_lo_L,p_hi_L,pore_frac_L,silicon_frac_L,graphite_frac_L,t_lo_R,t_hi_multiotsu_R,t_bright_R,bright_method_R,t_inlens_R,p_lo_R,p_hi_R,pore_frac_R,silicon_frac_R,graphite_frac_R
Batch_1,4ih2ggld,0.025000055118231758,TIFF XResolution/YResolution,none,0.2819123889304336,0.5696574479766693,0.5696574479766693,multiotsu_fallback,0.439453125,0.0,124.0,0.11341886950450837,0.16857652929727424,0.7180046011982173,0.2858008356743017,0.5735458947205374,0.5735458947205374,multiotsu_fallback,0.4511701097201879,0.0,124.0,0.1024982447408882,0.17745842430562345,0.7200433309534884,0.2804472798202124,0.5744333938386419,0.5744333938386419,multiotsu_fallback,0.423828124735385,0.0,122.0,0.12334299589896422,0.16030440784815603,0.7163525962528797
Batch_1,5n1q8atc,0.025000055118231758,TIFF XResolution/YResolution,none,0.28900417584444527,0.5721894756651769,0.5721894756651769,multiotsu_fallback,0.447265625,0.0,125.0,0.08157019491734517,0.18400647668393783,0.7344233283987169,0.2857015342516358,0.5733466163553236,0.5733466163553236,multiotsu_fallback,0.44335937436333883,0.0,122.0,0.08753034789045151,0.1640028374043918,0.7484668147051566,0.2918545394809834,0.5663137752842922,0.5663137752842922,multiotsu_fallback,0.447265625,0.0,128.0,0.07531112755983223,0.2081951640759931,0.7164937083641747
Batch_1,f1vzngrs,0.024999703940513963,TIFF XResolution/YResolution,"cropped [0:2148, 1:7000]",0.24562338235304776,0.5744105870776,0.5744105870776,multiotsu_fallback,0.552734375,0.0,138.0,0.08005400079766649,0.0826226039740181,0.8373233952283154,0.24149288757257792,0.5621954422689615,0.5621954422689615,multiotsu_fallback,0.5410156243075501,0.0,139.0,0.07401143609533556,0.09517789866005877,0.8308106652446057,0.2424075723608275,0.5791875583888474,0.5791875583888474,multiotsu_fallback,0.564453125,0.0,138.0,0.08412290502793296,0.07152114924181963,0.8443559457302474
Batch_1,ffwubibz,0.025000223624047534,TIFF XResolution/YResolution,"cropped [0:2080, 0:6999]",0.29000952735888064,0.6357162487138377,0.6357162487138377,multiotsu_fallback,0.447265625,0.0,134.0,0.09383380318067416,0.04862205589809533,0.8575441409212305,0.28616834156604776,0.6318750629210048,0.6318750629210048,multiotsu_fallback,0.4355468747632885,0.0,134.0,0.09539318926286632,0.04912694835887176,0.8554798623782619,0.28962516013634504,0.6379325422610999,0.6379325422610999,multiotsu_fallback,0.462890625,0.0,134.0,0.09104519230769231,0.04825769230769231,0.8606971153846155
Batch_1,fzrt2k6r,0.025000396856693412,TIFF XResolution/YResolution,"cropped [0:2156, 2:7000]",0.30047631715233003,0.6252146971803141,0.6252146971803141,multiotsu_fallback,0.486328125,0.0,137.0,0.10606906770606603,0.06836832787104294,0.825562604422891,0.3038650913510068,0.6282364158606705,0.6282364158606705,multiotsu_fallback,0.4980468454090927,0.0,136.0,0.10226590051437967,0.06005572225512617,0.8376783772304942,0.2948437384241481,0.6175029238694424,0.6175029238694424,multiotsu_fallback,0.474609375,0.0,139.0,0.10958723430654187,0.07687062457813285,0.8135421411153253
Batch_1,iv6g2oq0,0.025000440952659325,TIFF XResolution/YResolution,none,0.2522628514618953,0.6027349046379635,0.6027349046379635,multiotsu_fallback,0.458984375,0.0,142.0,0.11163607451892031,0.06101091308278445,0.8273530123982952,0.26516629822505616,0.6096889338751291,0.6096889338751291,multiotsu_fallback,0.4589843739664836,0.0,136.0,0.11242202634637738,0.04252566834560248,0.8450523053080202,0.2460081246238806,0.599057952328381,0.599057952328381,multiotsu_fallback,0.455078125,0.0,146.0,0.11213951310861424,0.07959366524602868,0.808266821645357
Batch_1,uhdslk0o,0.024999833071980747,TIFF XResolution/YResolution,"cropped [0:1880, 0:6999]",0.28044990254554303,0.6154840143113596,0.6154840143113596,multiotsu_fallback,0.587890625,0.0,140.0,0.10440617656625718,0.06510071347578529,0.8304931099579576,0.2868897421065767,0.6206568930540974,0.6206568930540974,multiotsu_fallback,0.580078125,0.0,140.0,0.10481763786613804,0.06575434926696382,0.8294280128668982,0.2793266383640565,0.6175588943423018,0.6175588943423018,multiotsu_fallback,0.595703125,0.0,138.0,0.10493617021276595,0.0643080547112462,0.8307557750759879
Batch_2,3806gxp0,0.024999707090046064,TIFF XResolution/YResolution,none,0.252087884249388,0.5907708432409322,0.5907708432409322,multiotsu_fallback,0.474609375,0.0,134.0,0.12076646205357143,0.06052239118303571,0.8187111467633928,0.2514394703013829,0.5841714009257694,0.5841714009257694,multiotsu_fallback,0.4667968718011429,0.0,136.0,0.11190387834821429,0.07076883370535714,0.8173272879464286,0.24889512971129926,0.5961906595410191,0.5961906595410191,multiotsu_fallback,0.478515625,0.0,132.0,0.12713657924107144,0.05028766741071428,0.8225757533482142
Batch_2,avn74qx1,0.024999707090046064,TIFF XResolution/YResolution,"cropped [0:2048, 0:6999]",0.24663105283774558,0.6060623546477935,0.6060623546477935,multiotsu_fallback,0.478515625,0.0,130.0,0.11270932119767109,0.04463060850210744,0.8426600703002215,0.2433028809517817,0.6111308584536879,0.6111308584536879,multiotsu_fallback,0.466796875,0.0,128.0,0.11333302260467276,0.03346408125535867,0.8532028961399686,0.24641551893859245,0.6017123136872606,0.6017123136872606,multiotsu_fallback,0.4941405466159905,0.0,132.0,0.11069419642857142,0.05568387276785714,0.8336219308035714
Batch_2,b3esycq1,0.025000396856693412,TIFF XResolution/YResolution,none,0.29936308491872665,0.6161085425101536,0.6161085425101536,multiotsu_fallback,0.509765625,0.0,140.0,0.10786847336337133,0.08768963689371853,0.8044418897429101,0.2939759177622274,0.6126078802399966,0.6126078802399966,multiotsu_fallback,0.517578125,0.0,142.0,0.11368857672939306,0.09130731513384574,0.7950041081367613,0.30322583440154893,0.6122457930273313,0.6122457930273313,multiotsu_fallback,0.498046875,0.0,140.0,0.103652133580705,0.084087596077392,0.812260270341903
Batch_2,epqdaau9,0.024999703940513963,TIFF XResolution/YResolution,none,0.228515625,0.552734375,0.552734375,multiotsu_fallback,0.564453125,0.0,146.0,0.09437496674647512,0.06752640329874966,0.8380986299547751,0.158203125,0.392578125,0.392578125,multiotsu_fallback,0.548828125,0.0,213.0,0.09268488959829742,0.08948523543495611,0.8178298749667464,0.248046875,0.591796875,0.591796875,multiotsu_fallback,0.580078125,0.0,133.0,0.09593641926044161,0.04406996541633413,0.8599936153232243
Batch_2,i9jiqjwl,0.025000206300914984,TIFF XResolution/YResolution,"cropped [0:2272, 1:7000]",0.27349073357400544,0.5915934307806501,0.5915934307806501,multiotsu_fallback,0.607421875,0.0,135.0,0.10123799124220965,0.07410653735241855,0.8246554714053718,0.273936931908638,0.5925586115754227,0.5925586115754227,multiotsu_fallback,0.611328125,0.0,133.0,0.09353565304372678,0.06780143924421062,0.8386629077120626,0.277818415876972,0.5964353403792335,0.5964353403792335,multiotsu_fallback,0.603515625,0.0,135.0,0.10998692152917505,0.08170120724346076,0.8083118712273641
Batch_2,r17byphk,0.025000223624047534,TIFF XResolution/YResolution,none,0.2849784898061217,0.6145454508063986,0.6145454508063986,multiotsu_fallback,0.431640625,0.0,133.0,0.1245614010989011,0.05361449175824176,0.8218241071428571,0.2850461023249146,0.5949619988124057,0.5949619988124057,multiotsu_fallback,0.431640625,0.0,130.0,0.12482445054945054,0.059370192307692304,0.8158053571428572,0.28102149504298024,0.6259996061991904,0.6259996061991904,multiotsu_fallback,0.435546875,0.0,134.0,0.12068708791208792,0.05660480769230769,0.8227081043956044
Batch_2,rxax5ozo,0.024999201600301647,TIFF XResolution/YResolution,none,0.27559845199432065,0.6109420229524452,0.6109420229524452,multiotsu_fallback,0.501953125,0.0,137.0,0.09959850787510362,0.057939831445150594,0.8424616606797458,0.2712252756236032,0.6059288072442199,0.6059288072442199,multiotsu_fallback,0.513671875,0.0,139.0,0.09236349820392374,0.06826015473887814,0.8393763470571981,0.27803347388728317,0.6101808453767892,0.6101808453767892,multiotsu_fallback,0.490234375,0.0,135.0,0.10592263056092843,0.048153633600442114,0.8459237358386295
Batch_3,0grcilhi,0.025000548043509867,TIFF XResolution/YResolution,"cropped [0:1904, 0:6998]",0.282037362749059,0.5962534850063999,0.5962534850063999,multiotsu_fallback,0.486328125,0.0,136.0,0.15112833858893657,0.06530812525067187,0.7835635361603915,0.2734919642596605,0.5934961673389911,0.5934961673389911,multiotsu_fallback,0.490234375,0.0,137.0,0.15140655433365116,0.08277364961417548,0.7658197960521734,0.28935278192425384,0.5959508345559668,0.5959508345559668,multiotsu_fallback,0.470703125,0.0,133.0,0.1475994942132326,0.05178685506783451,0.8006136507189329
Batch_3,71vgq3fw,0.0250001448827294,TIFF XResolution/YResolution,"cropped [0:2060, 0:6998]",0.27022968622661236,0.5922053884140344,0.5922053884140344,multiotsu_fallback,0.306640625,23.0,123.0,0.09439763649530934,0.07264648429370944,0.8329558792109812,0.26561274258338086,0.5904628594119762,0.5904628594119762,multiotsu_fallback,0.2949218544439537,24.0,124.0,0.09698984730727503,0.08481924100367096,0.818190911689054,0.26926801108890874,0.5886755747414356,0.5886755747414356,multiotsu_fallback,0.318359375,23.0,122.0,0.09252005427348174,0.06074662108730095,0.8467333246392172
Batch_3,9luzk4jm,0.02500028346778105,TIFF XResolution/YResolution,none,0.30866911570637656,0.6499306225121841,0.6499306225121841,multiotsu_fallback,0.533203125,6.0,123.0,0.14987301587301588,0.0611048166392994,0.7890221674876847,0.3062414746836185,0.6372105218572186,0.6372105218572186,multiotsu_fallback,0.541015625,6.0,126.0,0.14028147235905858,0.06408648056923918,0.7956320470717022,0.3152099980602049,0.6552547232403045,0.6552547232403045,multiotsu_fallback,0.451171875,3.0,123.0,0.15210276409414342,0.05800752599890531,0.7898897099069512
Batch_3,cfe5vt7s,0.025000223624047534,TIFF XResolution/YResolution,none,0.27722781876578895,0.6067993515642793,0.6067993515642793,multiotsu_fallback,0.455078125,0.0,140.0,0.10780446428571429,0.0704334478021978,0.8217620879120878,0.28084295614315335,0.6139808075681352,0.6139808075681352,multiotsu_fallback,0.470703125,0.0,141.0,0.11135233516483517,0.07529464285714285,0.8133530219780221,0.28116114624679633,0.6030421826396803,0.6030421826396803,multiotsu_fallback,0.443359375,0.0,137.0,0.10606978021978022,0.06756208791208791,0.8263681318681318
Batch_3,hawkfj64,0.025000548043509867,TIFF XResolution/YResolution,none,0.279296875,0.607421875,0.607421875,multiotsu_fallback,0.478515625,1.0,136.0,0.10463828031212485,0.049049594837935175,0.84631212484994,0.271484375,0.611328125,0.611328125,multiotsu_fallback,0.470703125,3.0,136.0,0.10263640456182473,0.04891581632653061,0.8484477791116446,0.284193820808929,0.6003829724374063,0.6003829724374063,multiotsu_fallback,0.486328125,1.0,134.0,0.10840651260504201,0.05295183073229292,0.8386416566626651
Batch_3,hzumfsms,0.02500028346778105,TIFF XResolution/YResolution,none,0.3196622117136104,0.6606352375414615,0.6606352375414615,multiotsu_fallback,0.443359375,3.0,123.0,0.16381253420908592,0.05008435960591133,0.7861031061850028,0.31010669943377683,0.6601657957271201,0.6601657957271201,multiotsu_fallback,0.439453125,3.0,123.0,0.17122454844006568,0.05185769020251779,0.7769177613574165,0.311847688859464,0.6527495102213625,0.6527495102213625,multiotsu_fallback,0.4394531249399447,6.0,123.0,0.15768746579091406,0.048288587848932675,0.7940239463601533
Batch_3,kbdh4tri,0.0250001448827294,TIFF XResolution/YResolution,none,0.2675756543048415,0.5644479130956146,0.5644479130956146,multiotsu_fallback,0.298828125,24.0,123.0,0.09401414701803051,0.08897330097087379,0.8170125520110958,0.2675756543048415,0.5722603409585296,0.5722603409585296,multiotsu_fallback,0.287109375,24.0,123.0,0.09256296809986131,0.08720554785020805,0.8202314840499306,0.2665023977753368,0.5535049799949303,0.5535049799949303,multiotsu_fallback,0.306640625,25.0,123.0,0.09814355062413314,0.09113356449375867,0.8107228848821082
Batch_3,mgxahqnk,0.025000548043509867,TIFF XResolution/YResolution,none,0.282648103465183,0.6140286385622941,0.6140286385622941,multiotsu_fallback,0.482421875,1.0,138.0,0.1079670618247299,0.07021353541416567,0.8218194027611044,0.2865979230911475,0.6275181414211426,0.6275181414211426,multiotsu_fallback,0.486328125,1.0,134.0,0.09809618847539016,0.04285519207683073,0.8590486194477791,0.27852569696038443,0.6057446975851717,0.6057446975851717,multiotsu_fallback,0.478515625,1.0,141.0,0.11688655462184874,0.0972999699879952,0.7858134753901561
Batch_3,pl8uabbv,0.025000206300914984,TIFF XResolution/YResolution,none,0.2603462542390761,0.6024070262320227,0.6024070262320227,multiotsu_fallback,0.591796875,0.0,133.0,0.11675911720321931,0.060477427062374245,0.8227634557344065,0.26317401762332837,0.5954078838428492,0.5954078838428492,multiotsu_fallback,0.587890625,0.0,132.0,0.12578143863179075,0.06003558853118712,0.814182972837022,0.2589644014146374,0.6029901025640096,0.6029901025640096,multiotsu_fallback,0.603515625,0.0,135.0,0.10976986921529175,0.06186946680080483,0.8283606639839034
Batch_3,ptg8lmto,0.024999850394596065,TIFF XResolution/YResolution,"cropped [0:1612, 0:6999]",0.2700013308523934,0.6002187858517235,0.6002187858517235,multiotsu_fallback,0.388671875,4.0,140.0,0.09294681232377401,0.055947287045969345,0.8511059006302567,0.2546851239796182,0.5829459504422372,0.5829459504422372,multiotsu_fallback,0.392578125,6.0,143.0,0.08997288838994764,0.0691730781641263,0.840854033445926,0.27482861260159386,0.6022839808077481,0.6022839808077481,multiotsu_fallback,0.388671875,4.0,139.0,0.09729652605459058,0.042743353420772776,0.8599601205246367
Batch_3,tuy3zymq,0.0250001448827294,TIFF XResolution/YResolution,none,0.2676132745929082,0.556404578110435,0.556404578110435,multiotsu_fallback,0.3144531242173425,24.0,121.0,0.09923529819694868,0.09294459084604716,0.8078201109570042,0.2676132745929082,0.548703476683301,0.548703476683301,multiotsu_fallback,0.31835937362745564,24.0,121.0,0.09491719833564494,0.10652177531206658,0.7985610263522884,0.2695372277440115,0.563925405563712,0.563925405563712,multiotsu_fallback,0.3105468728633568,24.0,121.0,0.10425492371705963,0.08092274618585298,0.8148223300970875
Batch_3,ufdvpb81,0.02500028346778105,TIFF XResolution/YResolution,"cropped [0:2088, 4:7000]",0.32176074313494496,0.6532718118194337,0.6532718118194337,multiotsu_fallback,0.451171875,3.0,123.0,0.12914563658708095,0.057337978023566834,0.8135163853893522,0.3300274944468089,0.673724766770113,0.673724766770113,multiotsu_fallback,0.447265625,3.0,117.0,0.1254310070998425,0.03723241414360477,0.8373365787565527,0.30727225683521564,0.6315104665018236,0.6315104665018236,multiotsu_fallback,0.443359375,6.0,126.0,0.1343592069031236,0.07803775118348963,0.7876030419133867
Batch_3,utfgcjfa,0.024999201600301647,TIFF XResolution/YResolution,none,0.2679977005471179,0.6080775412413917,0.6080775412413917,multiotsu_fallback,0.482421875,0.0,138.0,0.11122050400726362,0.05933149973513464,0.8294479962576018,0.27461889425287533,0.6137455824577682,0.6137455824577682,multiotsu_fallback,0.501953125,0.0,137.0,0.11141555882167539,0.05625762386464551,0.8323268173136791,0.26679901539663176,0.6090377523881731,0.6090377523881731,multiotsu_fallback,0.466796875,0.0,138.0,0.11269979640203355,0.062288010944081894,0.8250121926538846
Batch_3,vc2whyaq,0.024999201600301647,TIFF XResolution/YResolution,"cropped [0:2068, 1:7000]",0.2739485773414752,0.6102440722848033,0.6102440722848033,multiotsu_fallback,0.533203125,1.0,138.0,0.11010097325315608,0.05997983132710586,0.8299191954197381,0.2764909288169619,0.611289468472875,0.611289468472875,multiotsu_fallback,0.548828125,1.0,139.0,0.1090297697656639,0.06660938770568878,0.8243608425286473,0.2699153548636599,0.6124286327596146,0.6124286327596146,multiotsu_fallback,0.513671875,1.0,137.0,0.1102644376899696,0.053090632771483834,0.8366449295385465
Batch_3,x77cy643,0.024999201600301647,TIFF XResolution/YResolution,none,0.2718833203038009,0.6112554080588999,0.6112554080588999,multiotsu_fallback,0.498046875,0.0,138.0,0.11011258989663063,0.0649085329776728,0.8249788771256965,0.272003888827705,0.6059121109748187,0.6059121109748187,multiotsu_fallback,0.498046875,0.0,139.0,0.11103567885710873,0.08096088065797201,0.8080034404849192,0.2755468019448318,0.6223889302669976,0.6223889302669976,multiotsu_fallback,0.498046875,0.0,135.0,0.10897481622546401,0.04904059573140993,0.841984588043126
Batch_3,x7u69zsw,0.0250001448827294,TIFF XResolution/YResolution,"cropped [0:2060, 1:7000]",0.259765625,0.572265625,0.572265625,multiotsu_fallback,0.283203125,25.0,126.0,0.09187026718102587,0.09658730720199973,0.8115424256169744,0.255859375,0.564453125,0.564453125,multiotsu_fallback,0.287109375,25.0,128.0,0.0834001115436588,0.09887901397625397,0.8177208744800872,0.263671875,0.576171875,0.576171875,multiotsu_fallback,0.2871035247723196,25.0,125.0,0.10146338418862691,0.09343009708737864,0.8051065187239945
Batch_3,xgj4xftb,0.024999850394596065,TIFF XResolution/YResolution,"cropped [0:1612, 1:7000]",0.2732496905698294,0.5892527340859588,0.5892527340859588,multiotsu_fallback,0.435546875,6.0,142.0,0.10716880149840619,0.05959022150275278,0.8332409769988409,0.2731470262407171,0.6038964865866193,0.6038964865866193,multiotsu_fallback,0.419921875,7.0,142.0,0.10686711623384774,0.061738128653560716,0.8313947551125915,0.27142367454547156,0.5746694350721362,0.5746694350721362,multiotsu_fallback,0.455078125,6.0,139.0,0.10652906770648705,0.06490659340659341,0.8285643388869195
