param,shift,pore,silicon,graphite,batch,image_id
t_lo(pore),-0.1,0.09196718381389414,0.16857652929727424,0.7394562868888317,Batch_1,4ih2ggld
t_lo(pore),0.0,0.10118976202537645,0.16857652929727424,0.7302337086773494,Batch_1,4ih2ggld
t_lo(pore),0.1,0.11157973566933387,0.16857652929727424,0.7198437350333919,Batch_1,4ih2ggld
t_b(silicon),-0.1,0.0994565362294368,0.249745104777366,0.6507983589931972,Batch_1,4ih2ggld
t_b(silicon),0.0,0.10118976202537645,0.16857652929727424,0.7302337086773494,Batch_1,4ih2ggld
t_b(silicon),0.1,0.10121846088216212,0.12400387193866517,0.7747776671791727,Batch_1,4ih2ggld
t_lo(pore),-0.1,0.06059690352825068,0.18400647668393783,0.7553966197878115,Batch_1,5n1q8atc
t_lo(pore),0.0,0.06900456452010856,0.18400647668393783,0.7469889587959537,Batch_1,5n1q8atc
t_lo(pore),0.1,0.07898587466074512,0.18400647668393783,0.737007648655317,Batch_1,5n1q8atc
t_b(silicon),-0.1,0.06850592153960029,0.25374882802862075,0.6777452504317789,Batch_1,5n1q8atc
t_b(silicon),0.0,0.06900456452010856,0.18400647668393783,0.7469889587959537,Batch_1,5n1q8atc
t_b(silicon),0.1,0.06907149025413274,0.14870201085615595,0.7822264988897113,Batch_1,5n1q8atc
t_lo(pore),-0.1,0.05793006343284476,0.0826226039740181,0.8594473325931371,Batch_1,f1vzngrs
t_lo(pore),0.0,0.06558751542851426,0.0826226039740181,0.8517898805974676,Batch_1,f1vzngrs
t_lo(pore),0.1,0.07494093995337987,0.0826226039740181,0.842436456072602,Batch_1,f1vzngrs
t_b(silicon),-0.1,0.06549891538110127,0.1017179096880826,0.8327831749308161,Batch_1,f1vzngrs
t_b(silicon),0.0,0.06558751542851426,0.0826226039740181,0.8517898805974676,Batch_1,f1vzngrs
t_b(silicon),0.1,0.06558751542851426,0.07305719119757198,0.8613552933739137,Batch_1,f1vzngrs
t_lo(pore),-0.1,0.07600474518337784,0.04862205589809533,0.8753731989185268,Batch_1,ffwubibz
t_lo(pore),0.0,0.08542181850154418,0.04862205589809533,0.8659561256003605,Batch_1,ffwubibz
t_lo(pore),0.1,0.09634995933485004,0.04862205589809533,0.8550279847670547,Batch_1,ffwubibz
t_b(silicon),-0.1,0.08542181850154418,0.05835105564531197,0.8562271258531439,Batch_1,ffwubibz
t_b(silicon),0.0,0.08542181850154418,0.04862205589809533,0.8659561256003605,Batch_1,ffwubibz
t_b(silicon),0.1,0.08542181850154418,0.044983143196280787,0.869595038302175,Batch_1,ffwubibz
t_lo(pore),-0.1,0.0857515743962892,0.06836832787104294,0.8458800977326678,Batch_1,fzrt2k6r
t_lo(pore),0.0,0.09742453582019989,0.06836832787104294,0.8342071363087571,Batch_1,fzrt2k6r
t_lo(pore),0.1,0.11160344779133821,0.06836832787104294,0.8200282243376188,Batch_1,fzrt2k6r
t_b(silicon),-0.1,0.09742201721032408,0.09041246080910474,0.8121655219805712,Batch_1,fzrt2k6r
t_b(silicon),0.0,0.09742453582019989,0.06836832787104294,0.8342071363087571,Batch_1,fzrt2k6r
t_b(silicon),0.1,0.09742453582019989,0.06112891517905195,0.8414465490007481,Batch_1,fzrt2k6r
t_lo(pore),-0.1,0.09204257070902751,0.06101091308278445,0.846946516208188,Batch_1,iv6g2oq0
t_lo(pore),0.0,0.10108331718971975,0.06101091308278445,0.8379057697274958,Batch_1,iv6g2oq0
t_lo(pore),0.1,0.11208333333333333,0.06101091308278445,0.8269057535838822,Batch_1,iv6g2oq0
t_b(silicon),-0.1,0.10108331718971975,0.07270050368074389,0.8262161791295364,Batch_1,iv6g2oq0
t_b(silicon),0.0,0.10108331718971975,0.06101091308278445,0.8379057697274958,Batch_1,iv6g2oq0
t_b(silicon),0.1,0.10108331718971975,0.055828490249257394,0.8430881925610229,Batch_1,iv6g2oq0
t_lo(pore),-0.1,0.0830211306782428,0.06510071347578529,0.8518781558459719,Batch_1,uhdslk0o
t_lo(pore),0.0,0.09363381698905315,0.06510071347578529,0.8412654695351616,Batch_1,uhdslk0o
t_lo(pore),0.1,0.1077074080491742,0.06510071347578529,0.8271918784750405,Batch_1,uhdslk0o
t_b(silicon),-0.1,0.09363381698905315,0.07736348353716184,0.829002699473785,Batch_1,uhdslk0o
t_b(silicon),0.0,0.09363381698905315,0.06510071347578529,0.8412654695351616,Batch_1,uhdslk0o
t_b(silicon),0.1,0.09363381698905315,0.06021521311555146,0.8461509698953954,Batch_1,uhdslk0o
t_lo(pore),-0.1,0.10112409319196429,0.06052239118303571,0.838353515625,Batch_2,3806gxp0
t_lo(pore),0.0,0.11383900669642857,0.06052239118303571,0.8256386021205357,Batch_2,3806gxp0
t_lo(pore),0.1,0.12821309988839286,0.06052239118303571,0.8112645089285715,Batch_2,3806gxp0
t_b(silicon),-0.1,0.11383900669642857,0.07064920479910715,0.8155117885044643,Batch_2,3806gxp0
t_b(silicon),0.0,0.11383900669642857,0.06052239118303571,0.8256386021205357,Batch_2,3806gxp0
t_b(silicon),0.1,0.11383900669642857,0.056207170758928574,0.8299538225446429,Batch_2,3806gxp0
t_lo(pore),-0.1,0.09615303581315188,0.04463060850210744,0.8592163556847406,Batch_2,avn74qx1
t_lo(pore),0.0,0.10554165383001143,0.04463060850210744,0.8498277376678811,Batch_2,avn74qx1
t_lo(pore),0.1,0.11616217216298758,0.04463060850210744,0.839207219334905,Batch_2,avn74qx1
t_b(silicon),-0.1,0.10554165383001143,0.05142350134840692,0.8430348448215816,Batch_2,avn74qx1
t_b(silicon),0.0,0.10554165383001143,0.04463060850210744,0.8498277376678811,Batch_2,avn74qx1
t_b(silicon),0.1,0.10554165383001143,0.041914679217566794,0.8525436669524218,Batch_2,avn74qx1
t_lo(pore),-0.1,0.08532560296846012,0.08768963689371853,0.8269847601378213,Batch_2,b3esycq1
t_lo(pore),0.0,0.09848369997349589,0.08768963689371853,0.8138266631327855,Batch_2,b3esycq1
t_lo(pore),0.1,0.11487702093824542,0.08768963689371853,0.797433342168036,Batch_2,b3esycq1
t_b(silicon),-0.1,0.09845924993373972,0.1104365889212828,0.7911041611449774,Batch_2,b3esycq1
t_b(silicon),0.0,0.09848369997349589,0.08768963689371853,0.8138266631327855,Batch_2,b3esycq1
t_b(silicon),0.1,0.09848369997349589,0.07919036575669229,0.8223259342698118,Batch_2,b3esycq1
t_lo(pore),-0.1,0.07211924714019687,0.06752640329874966,0.8603543495610534,Batch_2,epqdaau9
t_lo(pore),0.0,0.08076123969140729,0.06752640329874966,0.851712357009843,Batch_2,epqdaau9
t_lo(pore),0.1,0.09087795956371375,0.06752640329874966,0.8415956371375366,Batch_2,epqdaau9
t_b(silicon),-0.1,0.08076123969140729,0.07885681032189412,0.8403819499866987,Batch_2,epqdaau9
t_b(silicon),0.0,0.08076123969140729,0.06752640329874966,0.851712357009843,Batch_2,epqdaau9
t_b(silicon),0.1,0.08076123969140729,0.06281072093641926,0.8564280393721735,Batch_2,epqdaau9
t_lo(pore),-0.1,0.07652746921592421,0.07410653735241855,0.8493659934316572,Batch_2,i9jiqjwl
t_lo(pore),0.0,0.08649915279647595,0.07410653735241855,0.8393943098511055,Batch_2,i9jiqjwl
t_lo(pore),0.1,0.0981832917781011,0.07410653735241855,0.8277101708694803,Batch_2,i9jiqjwl
t_b(silicon),-0.1,0.08649556828037808,0.09857582773394187,0.81492860398568,Batch_2,i9jiqjwl
t_b(silicon),0.0,0.08649915279647595,0.07410653735241855,0.8393943098511055,Batch_2,i9jiqjwl
t_b(silicon),0.1,0.08649915279647595,0.06270941120361259,0.8507914359999115,Batch_2,i9jiqjwl
t_lo(pore),-0.1,0.10540899725274726,0.05361449175824176,0.840976510989011,Batch_2,r17byphk
t_lo(pore),0.0,0.11855528846153846,0.05361449175824176,0.8278302197802199,Batch_2,r17byphk
t_lo(pore),0.1,0.13341668956043956,0.05361449175824176,0.8129688186813187,Batch_2,r17byphk
t_b(silicon),-0.1,0.11855164835164834,0.07256744505494506,0.8088809065934066,Batch_2,r17byphk
t_b(silicon),0.0,0.11855528846153846,0.05361449175824176,0.8278302197802199,Batch_2,r17byphk
t_b(silicon),0.1,0.11855528846153846,0.045421771978021976,0.8360229395604396,Batch_2,r17byphk
t_lo(pore),-0.1,0.0821700055263885,0.057939831445150594,0.8598901630284609,Batch_2,rxax5ozo
t_lo(pore),0.0,0.09323328267477203,0.057939831445150594,0.8488268858800774,Batch_2,rxax5ozo
t_lo(pore),0.1,0.10516178502348715,0.057939831445150594,0.8368983835313623,Batch_2,rxax5ozo
t_b(silicon),-0.1,0.09316820945012434,0.07096235147830893,0.8358694390715666,Batch_2,rxax5ozo
t_b(silicon),0.0,0.09323328267477203,0.057939831445150594,0.8488268858800774,Batch_2,rxax5ozo
t_b(silicon),0.1,0.09323328267477203,0.05294273279911578,0.8538239845261122,Batch_2,rxax5ozo
t_lo(pore),-0.1,0.12873433526025443,0.06530812525067187,0.8059575394890737,Batch_3,0grcilhi
t_lo(pore),0.0,0.14488330699527596,0.06530812525067187,0.7898085677540522,Batch_3,0grcilhi
t_lo(pore),0.1,0.16207099087134139,0.06530812525067187,0.7726208838779868,Batch_3,0grcilhi
t_b(silicon),-0.1,0.14487895401086986,0.10563214639957155,0.7494888995895586,Batch_3,0grcilhi
t_b(silicon),0.0,0.14488330699527596,0.06530812525067187,0.7898085677540522,Batch_3,0grcilhi
t_b(silicon),0.1,0.14488330699527596,0.05058745776104097,0.804529235243683,Batch_3,0grcilhi
t_lo(pore),-0.1,0.07913911603037761,0.07264648429370944,0.848214399675913,Batch_3,71vgq3fw
t_lo(pore),0.0,0.0900282882487923,0.07264648429370944,0.8373252274574983,Batch_3,71vgq3fw
t_lo(pore),0.1,0.10206938459532128,0.07264648429370944,0.8252841311109692,Batch_3,71vgq3fw
t_b(silicon),-0.1,0.09001046068640971,0.10067078804762526,0.809318751265965,Batch_3,71vgq3fw
t_b(silicon),0.0,0.0900282882487923,0.07264648429370944,0.8373252274574983,Batch_3,71vgq3fw
t_b(silicon),0.1,0.09003529441144072,0.06348068935091025,0.846484016237649,Batch_3,71vgq3fw
t_lo(pore),-0.1,0.11996223316912973,0.0611048166392994,0.818932950191571,Batch_3,9luzk4jm
t_lo(pore),0.0,0.1366975916803503,0.0611048166392994,0.8021975916803503,Batch_3,9luzk4jm
t_lo(pore),0.1,0.1547612205801861,0.0611048166392994,0.7841339627805146,Batch_3,9luzk4jm
t_b(silicon),-0.1,0.1366975916803503,0.0692475369458128,0.7940548713738369,Batch_3,9luzk4jm
t_b(silicon),0.0,0.1366975916803503,0.0611048166392994,0.8021975916803503,Batch_3,9luzk4jm
t_b(silicon),0.1,0.1366975916803503,0.0570821702244116,0.806220238095238,Batch_3,9luzk4jm
t_lo(pore),-0.1,0.08824210164835165,0.0704334478021978,0.8413244505494505,Batch_3,cfe5vt7s
t_lo(pore),0.0,0.10022980769230769,0.0704334478021978,0.8293367445054944,Batch_3,cfe5vt7s
t_lo(pore),0.1,0.11444072802197802,0.0704334478021978,0.8151258241758241,Batch_3,cfe5vt7s
t_b(silicon),-0.1,0.10021641483516483,0.08459326923076924,0.8151903159340659,Batch_3,cfe5vt7s
t_b(silicon),0.0,0.10022980769230769,0.0704334478021978,0.8293367445054944,Batch_3,cfe5vt7s
t_b(silicon),0.1,0.10022980769230769,0.06319478021978021,0.8365754120879121,Batch_3,cfe5vt7s
t_lo(pore),-0.1,0.08754576830732293,0.049049594837935175,0.8634046368547419,Batch_3,hawkfj64
t_lo(pore),0.0,0.10029291716686675,0.049049594837935175,0.8506574879951981,Batch_3,hawkfj64
t_lo(pore),0.1,0.11439270708283314,0.049049594837935175,0.8365576980792317,Batch_3,hawkfj64
t_b(silicon),-0.1,0.10029291716686675,0.06885804321728692,0.8308490396158463,Batch_3,hawkfj64
t_b(silicon),0.0,0.10029291716686675,0.049049594837935175,0.8506574879951981,Batch_3,hawkfj64
t_b(silicon),0.1,0.10029291716686675,0.043253001200480194,0.8564540816326531,Batch_3,hawkfj64
t_lo(pore),-0.1,0.13687431581828133,0.05008435960591133,0.8130413245758074,Batch_3,hzumfsms
t_lo(pore),0.0,0.15517302955665024,0.05008435960591133,0.7947426108374385,Batch_3,hzumfsms
t_lo(pore),0.1,0.17451443623426383,0.05008435960591133,0.7754012041598248,Batch_3,hzumfsms
t_b(silicon),-0.1,0.15517302955665024,0.05884551176792556,0.7859814586754242,Batch_3,hzumfsms
t_b(silicon),0.0,0.15517302955665024,0.05008435960591133,0.7947426108374385,Batch_3,hzumfsms
t_b(silicon),0.1,0.15517302955665024,0.04625294198139026,0.7985740284619595,Batch_3,hzumfsms
t_lo(pore),-0.1,0.07761782246879334,0.08897330097087379,0.8334088765603329,Batch_3,kbdh4tri
t_lo(pore),0.0,0.08914701803051317,0.08897330097087379,0.8218796809986131,Batch_3,kbdh4tri
t_lo(pore),0.1,0.10154687933425798,0.08897330097087379,0.8094798196948683,Batch_3,kbdh4tri
t_b(silicon),-0.1,0.0891000693481276,0.13299535367545076,0.7779045769764216,Batch_3,kbdh4tri
t_b(silicon),0.0,0.08914701803051317,0.08897330097087379,0.8218796809986131,Batch_3,kbdh4tri
t_b(silicon),0.1,0.08914701803051317,0.06719653259361998,0.8436564493758668,Batch_3,kbdh4tri
t_lo(pore),-0.1,0.09059183673469388,0.07021353541416567,0.8391946278511405,Batch_3,mgxahqnk
t_lo(pore),0.0,0.10383665966386554,0.07021353541416567,0.8259498049219688,Batch_3,mgxahqnk
t_lo(pore),0.1,0.11831032412965187,0.07021353541416567,0.8114761404561824,Batch_3,mgxahqnk
t_b(silicon),-0.1,0.10383665966386554,0.08543029711884755,0.8107330432172869,Batch_3,mgxahqnk
t_b(silicon),0.0,0.10383665966386554,0.07021353541416567,0.8259498049219688,Batch_3,mgxahqnk
t_b(silicon),0.1,0.10383665966386554,0.06522996698679472,0.8309333733493397,Batch_3,mgxahqnk
t_lo(pore),-0.1,0.09362852112676057,0.060477427062374245,0.8458940518108652,Batch_3,pl8uabbv
t_lo(pore),0.0,0.10444127263581489,0.060477427062374245,0.8350813003018108,Batch_3,pl8uabbv
t_lo(pore),0.1,0.11620158450704225,0.060477427062374245,0.8233209884305835,Batch_3,pl8uabbv
t_b(silicon),-0.1,0.104434796277666,0.07273993963782696,0.8228252640845071,Batch_3,pl8uabbv
t_b(silicon),0.0,0.10444127263581489,0.060477427062374245,0.8350813003018108,Batch_3,pl8uabbv
t_b(silicon),0.1,0.10444127263581489,0.0545777791750503,0.8409809481891348,Batch_3,pl8uabbv
t_lo(pore),-0.1,0.07688877567408602,0.055947287045969345,0.8671639372799447,Batch_3,ptg8lmto
t_lo(pore),0.0,0.08756071852873701,0.055947287045969345,0.8564919944252937,Batch_3,ptg8lmto
t_lo(pore),0.1,0.09900342019792265,0.055947287045969345,0.8450492927561081,Batch_3,ptg8lmto
t_b(silicon),-0.1,0.08756071852873701,0.07263825707820011,0.8398010243930628,Batch_3,ptg8lmto
t_b(silicon),0.0,0.08756071852873701,0.055947287045969345,0.8564919944252937,Batch_3,ptg8lmto
t_b(silicon),0.1,0.08756071852873701,0.05128798974117891,0.8611512917300841,Batch_3,ptg8lmto
t_lo(pore),-0.1,0.08343273231622746,0.09294459084604716,0.8236226768377254,Batch_3,tuy3zymq
t_lo(pore),0.0,0.09441990291262135,0.09294459084604716,0.8126355062413315,Batch_3,tuy3zymq
t_lo(pore),0.1,0.10628002773925103,0.09294459084604716,0.8007753814147018,Batch_3,tuy3zymq
t_b(silicon),-0.1,0.09439576976421636,0.1457501386962552,0.7598540915395284,Batch_3,tuy3zymq
t_b(silicon),0.0,0.09441990291262135,0.09294459084604716,0.8126355062413315,Batch_3,tuy3zymq
t_b(silicon),0.1,0.09443072122052705,0.06346393897364772,0.8421053398058251,Batch_3,tuy3zymq
t_lo(pore),-0.1,0.10569600253237209,0.057337978023566834,0.836966019444061,Batch_3,ufdvpb81
t_lo(pore),0.0,0.12054801703874574,0.057337978023566834,0.8221140049376874,Batch_3,ufdvpb81
t_lo(pore),0.1,0.13603969646585132,0.057337978023566834,0.8066223255105818,Batch_3,ufdvpb81
t_b(silicon),-0.1,0.1205009184230069,0.07111589764485014,0.8083831839321429,Batch_3,ufdvpb81
t_b(silicon),0.0,0.12054801703874574,0.057337978023566834,0.8221140049376874,Batch_3,ufdvpb81
t_b(silicon),0.1,0.12054801703874574,0.05093578377573173,0.8285161991855226,Batch_3,ufdvpb81
t_lo(pore),-0.1,0.09309637283753192,0.05933149973513464,0.8475721274273335,Batch_3,utfgcjfa
t_lo(pore),0.0,0.10515583372869604,0.05933149973513464,0.8355126665361693,Batch_3,utfgcjfa
t_lo(pore),0.1,0.11833855322687847,0.05933149973513464,0.8223299470379869,Batch_3,utfgcjfa
t_b(silicon),-0.1,0.10514159514196009,0.06687083141181532,0.8279875734462245,Batch_3,utfgcjfa
t_b(silicon),0.0,0.10515583372869604,0.05933149973513464,0.8355126665361693,Batch_3,utfgcjfa
t_b(silicon),0.1,0.10515583372869604,0.055766807338374066,0.8390773589329299,Batch_3,utfgcjfa
t_lo(pore),-0.1,0.09180857005546247,0.05997983132710586,0.8482115986174317,Batch_3,vc2whyaq
t_lo(pore),0.0,0.10394335139891496,0.05997983132710586,0.8360768172739792,Batch_3,vc2whyaq
t_lo(pore),0.1,0.11748763224809955,0.05997983132710586,0.8225325364247946,Batch_3,vc2whyaq
t_b(silicon),-0.1,0.10394335139891496,0.06582724031037315,0.8302294082907119,Batch_3,vc2whyaq
t_b(silicon),0.0,0.10394335139891496,0.05997983132710586,0.8360768172739792,Batch_3,vc2whyaq
t_b(silicon),0.1,0.10394335139891496,0.05676183914640472,0.8392948094546803,Batch_3,vc2whyaq
t_lo(pore),-0.1,0.0916405810228116,0.0649085329776728,0.8434508859995156,Batch_3,x77cy643
t_lo(pore),0.0,0.10466916436360982,0.0649085329776728,0.8304223026587174,Batch_3,x77cy643
t_lo(pore),0.1,0.11920137011146463,0.0649085329776728,0.8158900969108627,Batch_3,x77cy643
t_b(silicon),-0.1,0.10466916436360982,0.07114150888100744,0.8241893267553827,Batch_3,x77cy643
t_b(silicon),0.0,0.10466916436360982,0.0649085329776728,0.8304223026587174,Batch_3,x77cy643
t_b(silicon),0.1,0.10466916436360982,0.06125799434437805,0.8340728412920121,Batch_3,x77cy643
t_lo(pore),-0.1,0.07751696844348083,0.09658730720199973,0.8258957243545194,Batch_3,x7u69zsw
t_lo(pore),0.0,0.08852374194926599,0.09658730720199973,0.8148889508487344,Batch_3,x7u69zsw
t_lo(pore),0.1,0.10058787871221547,0.09658730720199973,0.8028248140857849,Batch_3,x7u69zsw
t_b(silicon),-0.1,0.08851874817068181,0.12939171615362527,0.782089535675693,Batch_3,x7u69zsw
t_b(silicon),0.0,0.08852374194926599,0.09658730720199973,0.8148889508487344,Batch_3,x7u69zsw
t_b(silicon),0.1,0.08852818086356304,0.08296296142167328,0.8285088577147637,Batch_3,x7u69zsw
t_lo(pore),-0.1,0.0889319707849083,0.05959022150275278,0.8514778077123388,Batch_3,xgj4xftb
t_lo(pore),0.0,0.10337669649368555,0.05959022150275278,0.8370330820035616,Batch_3,xgj4xftb
t_lo(pore),0.1,0.11885125737565487,0.05959022150275278,0.8215585211215923,Batch_3,xgj4xftb
t_b(silicon),-0.1,0.10337669649368555,0.08589653183350901,0.8107267716728055,Batch_3,xgj4xftb
t_b(silicon),0.0,0.10337669649368555,0.05959022150275278,0.8370330820035616,Batch_3,xgj4xftb
t_b(silicon),0.1,0.10337669649368555,0.05277162955218346,0.843851673954131,Batch_3,xgj4xftb
