claim_id,name,status,expected,actual,note
C01,FOV count,PASS,34,34.0,
C01,B1 count,PASS,7,7.0,
C01,B2 count,PASS,7,7.0,
C01,B3 count,PASS,17,17.0,
C01,new count,PASS,3,3.0,
C02,has_inlens count,PASS,34,34.0,
C02,has_etd count,PASS,30,30.0,
C02,has_se count,PASS,4,4.0,
C03,pixel pitch um,PASS,0.025,0.025,
C05,t_pore,PASS,0.7108650803565979,0.710865,
C05,t_si,PASS,1.3353633880615234,1.335363,
C05,t_core,PASS,1.549543023109436,1.549543,
C05,ref n,PASS,17,17.0,
C07,min bright um2,PASS,0.09375000000000001,0.09375,
C07,min pore um2,PASS,0.012500000000000002,0.0125,
C06,mk t_pore (recipe),PASS,0.7108652591705322,0.710865,"baseline-fitted recipe (Batch_3, n=17)"
C06,mk t_si (recipe),PASS,1.335363745689392,1.335364,
C06,recipe fit basis,MANUAL,fitted_on field,Batch_3,deck text 'pooled 31' is stale if fitted_on != pooled
C09,declared features,PASS,9,9.0,
C09,pairs,PASS,3,3.0,
C10,pores_per_mpx Batch_1-Batch_3 diff,PASS,34.4961,34.49608,
C10,pores_per_mpx Batch_1-Batch_3 p,PASS,0.0004767,0.000477,
C11,pores_per_mpx_noise_adj Batch_1-Batch_3 diff,PASS,18.7656,18.765626,
C11,pores_per_mpx_noise_adj Batch_1-Batch_3 p,PASS,0.0018636,0.001864,
C12,pores_per_mpx Batch_2-Batch_3 diff,PASS,19.4772,19.477234,
C12,pores_per_mpx Batch_2-Batch_3 p,PASS,0.01007,0.010072,
C12,pores_per_mpx_noise_adj Batch_2-Batch_3 diff,PASS,4.1577,4.157705,
C12,pores_per_mpx_noise_adj Batch_2-Batch_3 p,PASS,0.3528,0.352775,
C13,si MDD80,PASS,0.0236,0.023578,
C48,rows with MDD,PASS,27,27.0,
C14,img_4ih2ggld contrast,PASS,1.77,1.767167,
C14,img_5n1q8atc contrast,PASS,1.82,1.818151,
C14,img_f1vzngrs contrast,PASS,2.36,2.362872,
C41,flagged bright min,PASS,0.107,0.107374,
C41,flagged bright max,PASS,0.125,0.124716,
C41,B3 bright median,PASS,0.077,0.076741,
C41,B3 bright max,PASS,0.107,0.107021,
C44,classifier gap max (pts),PASS,9.5,9.467466,
C16,adjudication 94%/45%,PASS,"contains ('94%', '45%')",ok,
C17,adjudication 1.05/0.82/8%,PASS,"contains ('1.05', '0.82', '8%')",ok,
C18,adjudication 20.7/11.9/1.179,PASS,"contains ('20.7', '11.9', '1.179')",ok,
C19,adjudication 1.20/1.23,PASS,"contains ('1.20', '1.23')",ok,
C45,adjudication 13%,PASS,"contains ('13%',)",ok,
C22,verdict agreements,PASS,13,13.0,
C20,f1vzngrs bright z,PASS,2.4,2.394331,
C20,f1vzngrs contrast z,PASS,0.6,0.602054,
C21,classified-Si corr,PASS,0.27,0.271227,
C23,original verdicts,PASS,REJECT/INVESTIGATE,REJECT/INVESTIGATE,
C24,corrected recheck INVESTIGATE,PASS,INVESTIGATE present,found,
C25,exceedances,PASS,1,1.0,
C25,exceedance rate,PASS,0.0588,0.058824,
C25,CI lo,PASS,0.0105,0.01046,
C25,CI hi,PASS,0.2698,0.269825,
C26,LOO max p,PASS,0.001605,0.001605,
C27,runs converged,PASS,17,17.0,
C28,discharge_cap_last_Ah Batch_1-Batch_3,PASS,0.10929,0.10929,
C28,discharge_cap_last_Ah Batch_2-Batch_3,PASS,0.15,0.149186,
C28,discharge_cap_last_Ah Batch_1-Batch_2,PASS,-0.046588,-0.046588,
C30,si_stress_MPa Batch_1-Batch_3,PASS,-0.950478,-0.950478,
C30,si_stress_MPa Batch_2-Batch_3,PASS,-1.597265,-1.597265,
C30,si_stress_MPa Batch_1-Batch_2,PASS,0.525519,0.525519,
C29,assumption IQR,PASS,1.1376,1.137597,
C33,reference cell values,PASS,"contains ('5.401', '5.415', '0.0115')",ok,
C34,ablation,PASS,"contains ('70.63', '16.03')",ok,
C35,constants audit,PASS,"contains ('2.7778e-07', '1e-12', '1e-15')",ok,
C36,validation 8/8,PASS,"contains ('8/8',)",ok,
C39,tortuosity limit,PASS,"contains ('span',)",ok,
C37,assumption table 75/65-85/measured gr_radius_eff_um/35-90/0.22-0.28/0.15,PASS,"contains ('75', '65-85', 'measured gr_radius_eff_um', '35-90', '0.22-0.28', '0.15')",ok,
C38,assumption table not a DFN input,PASS,"contains ('not a DFN input',)",ok,
C40,img_3e122cbj -> can't tell (was Batch_1),PASS,cant_tell; original=Batch_1,cant_tell_session_matched (orig Batch_1),
C40,img_fn0mhxef -> can't tell (was Batch_2),PASS,cant_tell; original=Batch_2,cant_tell_session_matched (orig Batch_2),
C40,img_xrv9xvzb -> can't tell (was Batch_3),PASS,cant_tell; original=Batch_3,cant_tell_session_matched (orig Batch_3),
C42,orientation metrics (FFT direction test),WITHDRAWN,—,—,fft_vh measures frame aspect ratio (noise +0.70 at 1034x3500); autocorrelation shows ~1.4x horizontal elongation. Archived.
C46,DFN inputs identical -> identical indicators (doc-level),MANUAL,—,—,synthesis claim; human-verified
C47,verdict semantics (doc-level),MANUAL,—,—,synthesis claim; human-verified
C50,"anomaly exists, label calibration-dependent (synthesis)",MANUAL,—,—,synthesis claim; human-verified
