claim_id,claim,slide_context,value,evidence_class,source_file,source_location,cross_check
C01,Dataset is 34 BSE fields of view (7/7/17 + 3 new),dataset,34 = 7+7+17+3,measured-count,teaching_micro2dfn/dataset_manifest.csv,all rows,matches Batch_* dir listing
C02,Every FOV has InLens; 30 have ETD; 4 have SE instead,dataset,34 / 30 / 4,measured-count,teaching_micro2dfn/dataset_manifest.csv,has_inlens/has_etd/has_se columns,file listing
C03,Pixel pitch is 25 nm (sampling pitch not resolution),dataset,~0.025 um,measured,teaching_micro2dfn/dataset_manifest.csv,pixel_um column (TIFF resolution tags),vcompare/extract.py::_pixel_size_um
C04,Reference image img_hawkfj64 = Batch_3 image nearest batch-median vector,dataset,selected by rule,documented rule,validated_comparison/per_image_features.csv,robust distance over 9 declared features (computed in build),selection rule recorded in START_HERE
C05,Segmentation thresholds frozen on Batch_3 only: t_pore 0.7109 t_si 1.3354 t_core 1.5495,segmentation,0.7109/1.3354/1.5495,measured,validated_comparison/recipe.json,t_pore/t_si/t_core fields,refit reproduces identical thresholds (checks.csv row 1)
C06,micro2dfn exploratory fit pooled all 31: t_pore 0.6776 t_si 1.3307,segmentation,0.6776/1.3307,measured,dfn_output/thresholds.json,fitted_on_n_images=31,two recipe conventions are explicitly distinguished
C07,Size floor: bright<150px (~0.35 um) pore<20px (~0.13 um) -> bulk,segmentation,150/20 px,recipe rule,validated_comparison/recipe.json,params_um min_bright_area_um2/min_pore_area_um2,vcompare/config.py
C08,Classifier: si_particle iff interior>=t_core AND solidity>=0.75; t_core=p5 of clear-particle interiors,segmentation,0.75 / p5,recipe rule,micro2dfn/objects.py + vcompare/config.py,classify_objects / SI_MIN_SOLIDITY / SI_CORE_PERCENTILE,objects_classified.csv kind counts
C09,"9 declared features, all pairs, exact permutation + BH(FDR 0.1)",comparison,9 features; C(24,7)=346104 splits,method,validated_comparison/TECHNICAL_APPENDIX.md,Statistics section,vcompare/stats.py
C10,"B1-B3 pores_per_mpx supported: +34.5 median diff, exact p=0.0005",finding,+34.5 p=0.0004767,supported-measured,validated_comparison/pairwise_comparisons.csv,row 8,figure recomputes null distribution -> p=0.000477
C11,"B1-B3 noise-adjusted pore count supported: +18.77, exact p=0.0019",finding,+18.77 p=0.00186,supported-measured,validated_comparison/pairwise_comparisons.csv,row 9,same
C12,"B2-B3 raw pore count possible only: +19.48 p=0.0101 but noise-adj +4.16 p=0.35",finding,possible/not supported,validated_comparison/pairwise_comparisons.csv,rows 17-18,noise adjustment removes the raw-count shift
C13,No Si-fraction difference survives the frozen recipe (MDD ~0.024 for B1-B3 si_candidate_frac),finding,undetectable < ~0.024,not-established-with-MDD,validated_comparison/pairwise_comparisons.csv,row 2,START_HERE MDD column
C14,"Two Batch_1 photos unusually low contrast: si_bulk_contrast 1.77/1.82 vs ~2.2-2.4",finding,1.77/1.82/2.36,measured,validated_comparison/per_image_features.csv,si_bulk_contrast column,dfn_output report photo check
C15,"QC pipeline reads 10.7-12.5% Si in the three flagged regions vs micro2dfn ~6%",reconciliation,10.7-12.5 vs ~6,measured-by-two-pipelines,RECONCILIATION.md,question section + verdict_matrix.csv,classifier is the divergence (crosswalk 0.27)
C16,"94% of ambiguous objects pass particle cut after contrast correction vs 45% baseline",reconciliation,94/45,algorithm-test,reconcile_output/adjudication.csv,T1 row
C17,"Disputed objects are ~1.05 um compact discs, 8% at border, n=767",reconciliation,1.05um/0.82/8%,algorithm-test,reconcile_output/adjudication.csv,T2 row
C18,"Floating Otsu counts MORE bright (20.7% vs 11.9%) on flagged images",reconciliation,20.7/11.9,algorithm-test,reconcile_output/adjudication.csv,T4 row
C19,"Ambiguous-bright texture >= Si texture (ETD 1.20, InLens 1.23)",reconciliation,1.20/1.23,algorithm-test,reconcile_output/adjudication.csv,T5 row
C20,"img_f1vzngrs has NORMAL contrast yet elevated bright material (z=+2.4)",reconciliation,z=+2.4 / contrast z=+0.6,algorithm-test,reconcile_output/verdict_matrix.csv,img_f1vzngrs row
C21,"Pipelines correlate r 0.8-1.0 on all shared metrics except classified Si (0.27)",reconciliation,see crosswalk,measured-by-two-pipelines,reconcile_output/metric_crosswalk.csv,corr column
C22,"Verdict agreement 13/14 images; only img_f1vzngrs differs (QC flag, mk near-flag z=2.39 vs 2.5 rule)",reconciliation,13/14,measured-by-two-pipelines,reconcile_output/verdict_matrix.csv + RECONCILIATION.md,verdict agreement section
C23,"Original QC verdicts: Batch_1 REJECT (E1 heterogeneous), Batch_2 INVESTIGATE",finding (legacy attribution),REJECT/INVESTIGATE,legacy-QC-output,qc_output/verdicts.csv,verdict column,attributed as earlier-version output
C24,"Corrected QC recheck (reference-only weights + held-out): BOTH batches INVESTIGATE",finding,B1 INV / B2 INV,recheck-output,validated_comparison/qc_recheck.csv,reference_weights_and_heldout_T2 rows
C25,"Corrected baseline false alarm: 1/17 reference images exceed flag threshold (earlier 'zero' was wrong)",calibration,1/17 = 5.9% [CI 1.0-26.9%],recheck-output,validated_comparison/calibration_counts.csv,single row,checks.csv row 8 confirms text matches counts
C26,"Pore-count finding survives dropping ANY single image (LOO p<=0.0016)",finding,loo max 0.0016,supported-measured,validated_comparison/loo_sweep.csv,B1-B3 pores_per_mpx rows (per dropped image)
C27,"DFN: 17 runs/batch variant accessible; convergence 17/17 all batches",model,17/17,model-run,dfn_output/dfn_indicator_summary.csv,n_converged,dfn_validation.md run settings
C28,"Cycle-5 cap paired diffs: B1-B3 +0.099 Ah, B2-B3 +0.150 Ah, B1-B2 -0.0655 Ah - all BELOW 0.25 Ah threshold",model,+0.099/+0.150/-0.066,model-output-conditional,dfn_output/dfn_paired_differences.csv,discharge_cap_last_Ah rows
C29,"Assumption-only spread dwarfs batch diffs: pooled IQR ~1.16 Ah",model,1.16 Ah,model-output-conditional,dfn_output/dfn_paired_differences.csv,assumption_only_spread_iqr column
C30,"Peak Si stress paired diffs: B1-B3 -0.81, B2-B3 -1.59, B1-B2 +0.70 MPa - meaningful per declared rule",model,-0.81/-1.59/+0.70,model-output-conditional,dfn_output/dfn_paired_differences.csv,si_stress_MPa rows
C31,"Stress difference associates with active-Si share (rho~-0.93), not Si radius (rho~0.00)",model,Spearman -0.93 / 0.00,model-analysis,dfn_output sweep CSVs + session audit,51 accessible-variant runs correlation check,hold-other-inputs-fixed caveat stated
C32,"Swelling diffs ~0.13/-0.02 um all below 0.5 um threshold; min-anode-V diffs below 0.01 V threshold",model,below threshold,model-output-conditional,dfn_output/dfn_paired_differences.csv,thickness_change_um & min_neg_surface_v rows
C33,"Reference cell: 5.401->5.415 Ah over 5 cycles, min anode V +0.0115 (no plating)",model,5.401/5.415/+0.0115,model-selfcheck,dfn_output/dfn_validation.md,reference cell section
C34,"Ablation: shipped buggy model lost ~29% cap (70.7% retention, 15.8% LLI); repaired holds 100.3%",model,70.7->100.3/15.8->0.01,model-selfcheck,dfn_output/dfn_validation.md,ablation table rows 2 vs 3
C35,"LAM constant was 1e-3 s-1, published 2.7778e-7 s-1 (3600x too fast); SEI 1e-15 vs 1e-12",model,3600x / 1000x,model-selfcheck,dfn_output/dfn_validation.md,constants audit table
C36,"8/8 validation checks pass - self-consistency NOT predictive accuracy",model,8/8,model-selfcheck,dfn_output/dfn_validation.md,Tests section
C37,"Assumed inputs: thickness 75um [65-85], sub-res porosity +0.15-0.30, Gr radius fixed 5.86um, Si E 50GPa [35-90], nu 0.25 [0.22-0.28]",model,see table,assumption-declared,dfn_output/assumption_table.csv + dfn_input_bands.csv,all rows
C38,"Pore count is NOT a DFN input - the model verdict does not cover it",model,n/a,model-scope,dfn_output/assumption_table.csv,pore count row + report.md conclusion
C39,"Resolved pores never span the 2-D sections -> tau_fdm not measurable by design",model,pore_spans_*=0,measured-limit,dfn_output/report.md,tortuosity note + data_dictionary pore_spans
C40,"New images assigned by envelope coverage: img_3e122cbj->B1 (7/9, cautious), img_fn0mhxef->B2 (9/9), img_xrv9xvzb->B3 (9/9)",finding,3 calls,similarity-evidence,new_image_assignment/assignments.csv + assignment_report.md,assigned_batch/inside_env columns
C41,"Batch_1 3-of-7 heterogeneous: flagged bright_frac 10.7-12.5% vs baseline median 7.7% (max 10.7%)",finding,10.7-12.5 vs 7.7,measured (QC definition),qc_output/z_scores.csv + AGENTS.md results,bright_frac rows,QC all-bright convention
C42,"WITHDRAWN: FFT direction measured frame aspect ratio (noise +0.7 at real shape); autocorrelation shows horizontal elongation; object-shape verticality unexplained",withdrawn,n/a,retracted,archive/orientation_features.csv,pore_orient_vh/fft_log10_vh,retracted after noise-control audit - see archive/ARCHIVE.md
C43,"Silicon volume expansion ~280% (Li15Si4); graphite ~10%",battery-science,2.8x/0.1x,literature,micro2dfn/config.py + Polaron_Physics_Dictionary.md,SI_EXPANSION/GR_EXPANSION,PyBaMM silicon_volume_change ~+334% (dfn_validation.md)
C44,"Classifier disagreement ~9.5-10 percentage points on disputed photos (bright_frac_raw vs si_candidate_frac)",finding,~9.5 pts,measured-by-two-pipelines,validated_comparison/per_image_features.csv,bright_frac_raw minus si_candidate_frac on flagged images (0.125-0.030, 0.119-0.026)
C45,"Si interior ~13% dimmer on flagged photos (1.66 vs 1.88)",reconciliation,~13%,algorithm-test,RECONCILIATION.md,dimming section
C46,"micro2dfn DFN inputs identical -> identical indicators; batch median dilutes B1 heterogeneity",model,n/a,model-scope,RECONCILIATION.md,methodological diff table
C47,"Verdicts semantics: ACCEPT=within noise; INVESTIGATE=partial evidence; REJECT=beyond baseline envelope matching defect",method,n/a,method,AGENTS.md + qc_report,verdict logic section
C48,"MDD reported for every non-significant row (24 rows) - 'no clear difference' != equivalence",method,24 rows,method,validated_comparison/START_HERE.md + checks.csv mdd_reported row
C49,"PyBaMM 26.9.0.0 DFN Chen2020_composite + OKane2022 + Bonkile2024 mechanics, 5x1C cycles",model,versions,model-config,dfn_output/dfn_validation.md,run settings
C50,"Batch_1 REJECT stands on existence of anomaly, but exact severity label depends on weighting/calibration",finding,n/a,synthesis,validated_comparison/qc_recheck.csv + START_HERE.md,scenario rows
