pair,marker,median_diff,ci95_lo,ci95_hi,clear
Batch_1 - Batch_2,pore_frac_resolved,-0.004532532356352592,-0.026580909707031697,0.0158750259321455,False
Batch_1 - Batch_2,si_frac_total,-0.0018703946779671035,-0.03488347664055431,0.005912094691473697,False
Batch_1 - Batch_2,bright_fine_frac,5.6015509549900075e-05,-0.007006353713448599,0.06819917174436199,False
Batch_1 - Batch_2,si_d50_aw_um,-0.08530835352566113,-1.293408575178493,0.5253285967981678,False
Batch_1 - Batch_2,si_d90_aw_um,-0.44111748864926614,-2.1499353756392487,1.0502800811892783,False
Batch_1 - Batch_2,si_radius_3d_um,-0.0793471245621451,-0.3529388844803183,0.14176087803903936,False
Batch_1 - Batch_2,si_sv_um_inv,-0.05565710755324771,-0.1914644858464674,0.4426011912986354,False
Batch_1 - Batch_2,si_clustering_R,-0.016015271578294188,-0.055996760131536094,0.03697034705159241,False
Batch_1 - Batch_2,gr_radius_eff_um,0.11645844116748139,-0.43633862436271276,0.30203750818299824,False
Batch_1 - Batch_2,gr_chord_ratio_xz,0.009891454569115554,-0.08318254807274772,0.065246567971331,False
Batch_1 - Batch_2,pore_anisotropy,0.01615750217779799,-0.060633327608777376,0.07469446675123681,False
Batch_1 - Batch_2,crack_frac_v,-0.004498551577697499,-0.0078824621299911,0.0029748761675236005,False
Batch_1 - Batch_2,percolation_reach_2d,-0.012683832408159401,-0.021600091733761997,-0.003383418992948698,True
Batch_1 - Batch_2,pore_largest_region_frac,-0.0164229920922431,-0.020996690988400894,0.010315444903594498,False
Batch_1 - Batch_2,bruggeman_b_eff,-0.07752863429355084,-0.16832218830911327,0.21623548120253622,False
Batch_1 - Batch_2,si_pore_dist_mean_um,-0.04932978562361939,-0.1236692454298482,0.056401754360458356,False
Batch_1 - Batch_2,si_lowcoverage_share,-0.00206767664718277,-0.12909276248725798,0.06365488142004949,False
Batch_1 - Batch_2,swelling_budget,0.011354889525369422,-0.031841127692480695,0.0957487294893407,False
Batch_1 - Batch_2,swelling_deficit_area_frac,-0.016483516483516425,-0.08653846153846156,0.13186813186813207,False
Batch_1 - Batch_3,pore_frac_resolved,-0.0051617124096799,-0.022648784783997997,0.014496229624375087,False
Batch_1 - Batch_3,si_frac_total,-0.0008034141832079997,-0.0312554081303403,0.011766020274696204,False
Batch_1 - Batch_3,bright_fine_frac,-0.0012097101511051,-0.0096330448001304,0.0704536070969974,False
Batch_1 - Batch_3,si_d50_aw_um,0.05957149940271034,-1.120187384757376,0.4695481947576998,False
Batch_1 - Batch_3,si_d90_aw_um,0.1858998826544589,-1.5204550620249044,1.1126942205195975,False
Batch_1 - Batch_3,si_radius_3d_um,-0.08983322427209117,-0.3233063064407278,0.1965349064469375,False
Batch_1 - Batch_3,si_sv_um_inv,0.04883231164932894,-0.11049810229593532,0.5590650385388904,False
Batch_1 - Batch_3,si_clustering_R,0.011802324354184712,-0.05155029833644287,0.05525378240041401,False
Batch_1 - Batch_3,gr_radius_eff_um,-0.048007060458105766,-0.4808565816695465,0.16096750807667792,False
Batch_1 - Batch_3,gr_chord_ratio_xz,-0.02347492161204423,-0.11585150930172361,0.06487313178515786,False
Batch_1 - Batch_3,pore_anisotropy,-0.020760272428894444,-0.08237397598804774,0.05108538277083419,False
Batch_1 - Batch_3,crack_frac_v,-0.0022073667749161995,-0.005261041333275899,-0.00046595682033130116,True
Batch_1 - Batch_3,percolation_reach_2d,-0.0055422035106530015,-0.025140246180825505,0.003381863337545001,False
Batch_1 - Batch_3,pore_largest_region_frac,-0.020531911367127002,-0.0489702031158947,-4.883011355409639e-05,True
Batch_1 - Batch_3,bruggeman_b_eff,-0.05361600241375197,-0.17482375392238225,0.258112874335211,False
Batch_1 - Batch_3,si_pore_dist_mean_um,-0.08219070920989452,-0.1472888338461765,-0.014437764540738085,True
Batch_1 - Batch_3,si_lowcoverage_share,-0.048726220936700426,-0.15684343999403305,-0.0020162485915911077,True
Batch_1 - Batch_3,swelling_budget,0.0034346520217555243,-0.0312559866150616,0.08746245895364389,False
Batch_1 - Batch_3,swelling_deficit_area_frac,0.0027472527472527375,-0.09519230769230758,0.08333333333333348,False
Batch_2 - Batch_3,pore_frac_resolved,-0.0006291800533273079,-0.01584521905707656,0.0190127252762331,False
Batch_2 - Batch_3,si_frac_total,0.0010669804947591038,-0.004632105241481941,0.018060031569322607,False
Batch_2 - Batch_3,bright_fine_frac,-0.001265725660655,-0.0073903879538773,0.006759087853280801,False
Batch_2 - Batch_3,si_d50_aw_um,0.14487985292837147,-0.25909849556125186,0.43623199892152,False
Batch_2 - Batch_3,si_d90_aw_um,0.627017371303725,-0.9016795249708283,1.5168300790612772,False
Batch_2 - Batch_3,si_radius_3d_um,-0.010486099709946073,-0.18629675344393481,0.2932610389656747,False
Batch_2 - Batch_3,si_sv_um_inv,0.10448941920257665,-0.006348257088259067,0.19587254657774764,False
Batch_2 - Batch_3,si_clustering_R,0.0278175959324789,-0.03348044259937493,0.06801789987294338,False
Batch_2 - Batch_3,gr_radius_eff_um,-0.16446550162558715,-0.5175212515664378,0.29328320142107334,False
Batch_2 - Batch_3,gr_chord_ratio_xz,-0.033366376181159785,-0.05237210600889639,0.009578435223064119,False
Batch_2 - Batch_3,pore_anisotropy,-0.03691777460669243,-0.05352027452057673,0.016606915484948415,False
Batch_2 - Batch_3,crack_frac_v,0.0022911848027812997,-0.005100106820425269,0.0052198787246756,False
Batch_2 - Batch_3,percolation_reach_2d,0.0071416288975064,-0.014598883048863504,0.018784366878306563,False
Batch_2 - Batch_3,pore_largest_region_frac,-0.004108919274883903,-0.0440731760132141,0.006889504455295695,False
Batch_2 - Batch_3,bruggeman_b_eff,0.023912631879798862,-0.19469792663301488,0.12545030486291964,False
Batch_2 - Batch_3,si_pore_dist_mean_um,-0.032860923586275126,-0.1397790175206145,0.04550575923291167,False
Batch_2 - Batch_3,si_lowcoverage_share,-0.046658544289517656,-0.12140804597701149,0.014581256231306128,False
Batch_2 - Batch_3,swelling_budget,-0.007920237503613897,-0.045965782771105385,0.037941362680967886,False
Batch_2 - Batch_3,swelling_deficit_area_frac,0.019230769230769162,-0.1164835164835164,0.0625,False
