batch,marker,n,median,iqr_lo,iqr_hi,ci95_lo,ci95_hi
Batch_1,pore_frac_resolved,7,0.1038042784260548,0.09145088256725625,0.11007158202192185,0.08975494450959191,0.11074509852989003
Batch_1,si_frac_total,7,0.0595351653613197,0.038064266915422,0.06224111707456745,0.03928325676732528,0.06613248243764773
Batch_1,bright_fine_frac,7,0.0125329341380866,0.009700733848904151,0.0490992122132286,0.0107447254658747,0.05282129326273359
Batch_1,si_d50_aw_um,7,2.5879026267050613,1.8924877286985815,2.7567429393520717,1.8161401056456978,2.948989405913761
Batch_1,si_d90_aw_um,7,5.456620451674442,4.650815485728939,5.77449417953124,4.452659479540863,6.447435608738649
Batch_1,si_radius_3d_um,7,1.735244418201891,1.6031227132031494,1.8909519556071124,1.4551449321585734,1.9373009834110702
Batch_1,si_sv_um_inv,7,0.4254838824277931,0.36402143172857515,0.7355869973465878,0.37055652971575026,0.8230703309997766
Batch_1,si_clustering_R,7,0.6767362424498051,0.6578874464577171,0.6787342793833628,0.6314163329318807,0.6806998414221507
Batch_1,gr_radius_eff_um,7,3.1076543120405846,2.9553655793420943,3.1430411094658077,2.8953059035924533,3.2624502309737964
Batch_1,gr_chord_ratio_xz,7,1.1728295732536016,1.1233071489074389,1.2095342477632829,1.1129321364602187,1.2138377347766038
Batch_1,pore_anisotropy,7,1.168013611229264,1.1207487169746662,1.2105684608078562,1.1102612363758677,1.2072101574710707
Batch_1,crack_frac_v,7,0.0110127969693468,0.0089243013013863,0.011485993325405449,0.009146637934989947,0.012044120613762843
Batch_1,percolation_reach_2d,7,0.0173670415151771,0.01362338784540745,0.018477614814414102,0.013403223844185694,0.029792290208438252
Batch_1,pore_largest_region_frac,7,0.0383817427385892,0.03529631035432635,0.04969622200224915,0.03611447401578782,0.05467580661329031
Batch_1,bruggeman_b_eff,7,1.2286095256292973,1.1796611021675079,1.3875183388100274,1.175400829544978,1.383414831166094
Batch_1,si_pore_dist_mean_um,7,0.4852785537260787,0.4612326701618539,0.5193804723927501,0.46014623760791135,0.5198871797593918
Batch_1,si_lowcoverage_share,7,0.8613861386138614,0.7961541018481585,0.874938352786454,0.7796908032043278,0.8845247572969804
Batch_1,swelling_budget,7,-0.1411749711753668,-0.14739299083788948,-0.0912168562186322,-0.17256301240416233,-0.0847721199841542
Batch_1,swelling_deficit_area_frac,7,0.8681318681318682,0.8197115384615384,0.8956043956043958,0.7857069270015697,0.9169937205651492
Batch_2,pore_frac_resolved,7,0.1083368107824074,0.0970833755465379,0.1173365032308338,0.10008276474936617,0.11759038921641131
Batch_2,si_frac_total,7,0.0614055600392868,0.058662931488725506,0.06851813241906901,0.05795742928940758,0.06957828797811907
Batch_2,bright_fine_frac,7,0.0124769186285367,0.012175330219835249,0.0166046304294367,0.012707075018790042,0.017249884927384
Batch_2,si_d50_aw_um,7,2.6732109802307225,2.427368211837748,2.7524434559708464,2.38043117165745,3.023980490822213
Batch_2,si_d90_aw_um,7,5.897737940323708,4.856089192121518,6.217001987500028,4.982084170588088,6.186901451605211
Batch_2,si_radius_3d_um,7,1.814591542764036,1.7587817954811507,1.9529098986756446,1.7277587668688812,1.9987052155932623
Batch_2,si_sv_um_inv,7,0.4811409899810408,0.46436559140523664,0.5343579801209437,0.4395777714422634,0.5888282262856255
Batch_2,si_clustering_R,7,0.6927515140280993,0.654607611013802,0.6978197252694769,0.6520940270704035,0.6993205598999521
Batch_2,gr_radius_eff_um,7,2.9911958708731032,2.867413976505177,3.3042380374965656,2.894703334071134,3.215455312737983
Batch_2,gr_chord_ratio_xz,7,1.162938118684486,1.1555986242021699,1.1701452631391014,1.1406045413396124,1.181084559684597
Batch_2,pore_anisotropy,7,1.151856109051466,1.143227286154632,1.1773671301879025,1.1338533501048471,1.185225336704019
Batch_2,crack_frac_v,7,0.0155113485470443,0.008824009571268401,0.016665042882860748,0.0105018419198136,0.01716393024078756
Batch_2,percolation_reach_2d,7,0.0300508739233365,0.02370323933430615,0.033901610730044496,0.019992678046900483,0.0374292394275027
Batch_2,pore_largest_region_frac,7,0.0548047348308323,0.04074626632619855,0.056047115049388446,0.04252755278498924,0.05657385567609032
Batch_2,bruggeman_b_eff,7,1.306138159922848,1.198818036641422,1.341109168378663,1.174391979193101,1.3290930985218652
Batch_2,si_pore_dist_mean_um,7,0.5346083393496981,0.47757904617219926,0.5726590204668072,0.4734827194651705,0.5817458080018143
Batch_2,si_lowcoverage_share,7,0.8634538152610441,0.8377980431271967,0.8944281045751634,0.8034784340335674,0.8897299896970282
Batch_2,swelling_budget,7,-0.1525298607007362,-0.17187472739175344,-0.1263998384303997,-0.17017201347671035,-0.12906266124643304
Batch_2,swelling_deficit_area_frac,7,0.8846153846153846,0.7884615384615384,0.8990384615384615,0.8076923076923076,0.8985576923076923
Batch_3,pore_frac_resolved,17,0.1089659908357347,0.0893240855061743,0.1149679586521702,0.09329572590492632,0.11715320499755885
Batch_3,si_frac_total,17,0.0603385795445277,0.0504032814897894,0.0642009260216964,0.05209700061645094,0.06151221423295775
Batch_3,bright_fine_frac,17,0.0137426442891917,0.0097905641349088,0.0200027330971123,0.01227773919717499,0.02097462713097447
Batch_3,si_d50_aw_um,17,2.528331127302351,2.3011051598454513,2.6587340591767603,2.3076630652303485,2.708339632763802
Batch_3,si_d90_aw_um,17,5.270720569019983,4.671033199247029,5.755355986470405,4.810588145445991,5.677716183403028
Batch_3,si_radius_3d_um,17,1.825077642473982,1.697582225578319,1.9019289921580944,1.6778148433890543,1.9069439314126078
Batch_3,si_sv_um_inv,17,0.3766515707784642,0.3325542583871711,0.487486220552811,0.360644865962338,0.4880888186664772
Batch_3,si_clustering_R,17,0.6649339180956204,0.6186368282891122,0.6946269291486996,0.6262844055744786,0.6787443454371103
Batch_3,gr_radius_eff_um,17,3.1556613724986904,2.9635169257079625,3.508717122439541,3.1462896054638247,3.7491564432881477
Batch_3,gr_chord_ratio_xz,17,1.1963044948656458,1.157262595750384,1.2033872885622772,1.171651173396346,1.2035802419755524
Batch_3,pore_anisotropy,17,1.1887738836581585,1.1529521713570794,1.197670802087293,1.1649075877253101,1.19782309683587
Batch_3,crack_frac_v,17,0.013220163744263,0.0118799678944942,0.01433545902451,0.011585947488465042,0.013850628525011349
Batch_3,percolation_reach_2d,17,0.0229092450258301,0.0149001462443959,0.0429900125864295,0.02016804716226565,0.04059195909005533
Batch_3,pore_largest_region_frac,17,0.0589136541057162,0.0485780378282759,0.0873519458544839,0.05395946385063729,0.07866741061497905
Batch_3,bruggeman_b_eff,17,1.2822255280430492,1.2073517775705591,1.3502120547374692,1.2223231790060096,1.316140856979054
Batch_3,si_pore_dist_mean_um,17,0.5674692629359732,0.5357647138466967,0.6253515808270149,0.5591448667802209,0.6556666785103695
Batch_3,si_lowcoverage_share,17,0.9101123595505618,0.8721461187214612,0.9790209790209792,0.8817965487695544,0.9386101474509392
Batch_3,swelling_budget,17,-0.1446096231971223,-0.1566885646873938,-0.1180646919919101,-0.1476813660267407,-0.12293735962614394
Batch_3,swelling_deficit_area_frac,17,0.8653846153846154,0.8241758241758241,0.9230769230769232,0.8128691957552252,0.897096396250808
