image_id,batch,pore,bulk,bright
4ih2ggld,Batch_1,0.1009891168997631,0.7481263041007395,0.15088457899949737
5n1q8atc,Batch_1,0.06730964717493215,0.7604050703182827,0.1722852825067851
f1vzngrs,Batch_1,0.07401529662144188,0.8499625565309923,0.07602214684756584
ffwubibz,Batch_1,0.08057712912087912,0.8686220467032967,0.050800824175824176
fzrt2k6r,Batch_1,0.08889848926583621,0.8394210840180228,0.071680426716141
iv6g2oq0,Batch_1,0.10745318352059925,0.8324401879116622,0.0601066285677386
uhdslk0o,Batch_1,0.09036975683890577,0.8438316869300911,0.06579855623100304
3806gxp0,Batch_2,0.12014690290178572,0.8209698660714285,0.058883231026785714
avn74qx1,Batch_2,0.11270989118303572,0.8427995256696429,0.044490583147321426
b3esycq1,Batch_2,0.08825622846541215,0.8221655844155844,0.08957818711900345
epqdaau9,Batch_2,0.09863653897313115,0.8384831737164139,0.0628802873104549
i9jiqjwl,Batch_2,0.0865438254527163,0.8433288480885311,0.07012732645875251
r17byphk,Batch_2,0.11410240384615385,0.8310867445054945,0.05481085164835165
rxax5ozo,Batch_2,0.09309049461177121,0.8488857419176569,0.05802376347057198
0grcilhi,Batch_3,0.1418391356542617,0.7995287364945979,0.058632127851140456
71vgq3fw,Batch_3,0.0930625520110957,0.8369695561719833,0.06996789181692094
9luzk4jm,Batch_3,0.12362068965517241,0.8125305145046524,0.06384879584017515
cfe5vt7s,Batch_3,0.09941847527472528,0.830751510989011,0.06983001373626374
hawkfj64,Batch_3,0.09854861944777911,0.8531364795918367,0.048314900960384155
hzumfsms,Batch_3,0.1353864258347017,0.8100730706075534,0.05454050355774494
kbdh4tri,Batch_3,0.09350471567267683,0.8335632454923717,0.07293203883495146
mgxahqnk,Batch_3,0.10049399759903961,0.8292361194477791,0.07026988295318128
pl8uabbv,Batch_3,0.10904464285714285,0.8313358903420524,0.05961946680080483
ptg8lmto,Batch_3,0.09005831265508685,0.8543045019496632,0.05563718539524991
tuy3zymq,Batch_3,0.09862593619972261,0.8336728848821082,0.06770117891816921
ufdvpb81,Batch_3,0.10296620142309798,0.834554802955665,0.062478995621237
utfgcjfa,Batch_3,0.1079703737864024,0.8325126792541303,0.059516946959467305
vc2whyaq,Batch_3,0.1033036750483559,0.8366427880630009,0.060053536888643275
x77cy643,Batch_3,0.10568736155393577,0.8291312913817567,0.06518134706430755
x7u69zsw,Batch_3,0.09609285714285715,0.816230374479889,0.08767676837725381
xgj4xftb,Batch_3,0.10427313009571074,0.8393341013824884,0.05639276852180078
